idx;stratum;config;query_id;question;claim;nli_label;nli_score;best_chunk_id;best_chunk_source;best_chunk_text;juicio_humano;comentario
1;contradicted;hibrido | granite4.1-8b;q085;How to configure networking for Azure Virtual Network?;Attach Secondary Network Interface: From the pull-down menu, select myVMNic2..;contradicted;0.9863;099dd2c0-879d-4c7a-ba58-20009886b584;azure/Azure Functions :: Tutorial: Establish Azure Functions private site access > Configure access restrictions; to provision and deploy the function app. [AZURE > Azure Functions > Tutorial: Establish Azure Functions private site access > Configure access restrictions] The next step is to configure [access restrictions](../app-service/app-service-ip-restrictions.md) to ensure only resources on the virtual network can invoke the function. ⏎  ⏎ [Private site](functions-networking-options.md#private-endpoints) access is enabled by creating an Azure Virtual Network [service endpoint](../virtual-network/virtual-network-service-endpoints-overview.md) between the function app and the specified virtual network. Access restrictions are implemented via service endpoints. Service endpoints ensure only traffic originating from within the specified virtual network can access the designated resource. In this case, the designated resource is the Azure Function. ⏎  ⏎ 1. Within the function app, select the **Networking** link under the _Settings_ section header. ⏎ 1. The _Networking_ page is the starting point to configure Azure Front Door, the Azure CDN, and also Access Restrictions. ⏎ 1. Select **Configure Access Restrictions** to configure private site access. ⏎ 1. On the _Access Restrictions_ page, you see only the default restriction in place. The default doesn't place any restrictions on access to the function app.  Select **Add rule** to create a private site access restriction configuration. ⏎ 1. In the _Add Access Restriction_ pane, provide a _Name_, _Priority_, and _Description_ for the new rule. ⏎ 1. Select **Virtual Network** from the _Type_ drop-down box, then select the previously created virtual network, and then select the **Tutorial** subnet.  ⏎     > [!NOTE] ⏎     > It may take several minutes to enable the service endpoint. ⏎ 1. The _Access Restrictions_ page now shows that there is a new restriction. It may take a few seconds for the _Endpoint status_ to change from Disabled through Provisioning to Enabled. ⏎  ⏎     >[!IMPORTANT] ⏎     > Each function app has an [Advanced Tool (Kudu) site](../app-service/app-service-ip-restrictions.md#restrict-access-to-an-scm-site) that is used to manage function app deployments. This site is accessed from a URL like: `<FUNCTION_APP_NAME>.scm.azurewebsites.net`. Enabling access restrictions on the Kudu site prevents the deployment of the project code from a local developer workstation, and then an agent is needed within the virtual network to perform the deployment.;;
2;contradicted;hibrido | granite4.1-8b;q085;How to configure networking for Azure Virtual Network?;Delete Public IP Addresses and Virtual Machine: Confirm by typing myResourceGroup in the prompt and selecting Delete..;contradicted;0.9862;099dd2c0-879d-4c7a-ba58-20009886b584;azure/Azure Functions :: Tutorial: Establish Azure Functions private site access > Configure access restrictions; to provision and deploy the function app. [AZURE > Azure Functions > Tutorial: Establish Azure Functions private site access > Configure access restrictions] The next step is to configure [access restrictions](../app-service/app-service-ip-restrictions.md) to ensure only resources on the virtual network can invoke the function. ⏎  ⏎ [Private site](functions-networking-options.md#private-endpoints) access is enabled by creating an Azure Virtual Network [service endpoint](../virtual-network/virtual-network-service-endpoints-overview.md) between the function app and the specified virtual network. Access restrictions are implemented via service endpoints. Service endpoints ensure only traffic originating from within the specified virtual network can access the designated resource. In this case, the designated resource is the Azure Function. ⏎  ⏎ 1. Within the function app, select the **Networking** link under the _Settings_ section header. ⏎ 1. The _Networking_ page is the starting point to configure Azure Front Door, the Azure CDN, and also Access Restrictions. ⏎ 1. Select **Configure Access Restrictions** to configure private site access. ⏎ 1. On the _Access Restrictions_ page, you see only the default restriction in place. The default doesn't place any restrictions on access to the function app.  Select **Add rule** to create a private site access restriction configuration. ⏎ 1. In the _Add Access Restriction_ pane, provide a _Name_, _Priority_, and _Description_ for the new rule. ⏎ 1. Select **Virtual Network** from the _Type_ drop-down box, then select the previously created virtual network, and then select the **Tutorial** subnet.  ⏎     > [!NOTE] ⏎     > It may take several minutes to enable the service endpoint. ⏎ 1. The _Access Restrictions_ page now shows that there is a new restriction. It may take a few seconds for the _Endpoint status_ to change from Disabled through Provisioning to Enabled. ⏎  ⏎     >[!IMPORTANT] ⏎     > Each function app has an [Advanced Tool (Kudu) site](../app-service/app-service-ip-restrictions.md#restrict-access-to-an-scm-site) that is used to manage function app deployments. This site is accessed from a URL like: `<FUNCTION_APP_NAME>.scm.azurewebsites.net`. Enabling access restrictions on the Kudu site prevents the deployment of the project code from a local developer workstation, and then an agent is needed within the virtual network to perform the deployment.;;
3;contradicted;hibrido | granite4.1-8b;q085;How to configure networking for Azure Virtual Network?;Access Function App Networking Settings: Select your target function app from the list..;contradicted;0.9837;099dd2c0-879d-4c7a-ba58-20009886b584;azure/Azure Functions :: Tutorial: Establish Azure Functions private site access > Configure access restrictions; to provision and deploy the function app. [AZURE > Azure Functions > Tutorial: Establish Azure Functions private site access > Configure access restrictions] The next step is to configure [access restrictions](../app-service/app-service-ip-restrictions.md) to ensure only resources on the virtual network can invoke the function. ⏎  ⏎ [Private site](functions-networking-options.md#private-endpoints) access is enabled by creating an Azure Virtual Network [service endpoint](../virtual-network/virtual-network-service-endpoints-overview.md) between the function app and the specified virtual network. Access restrictions are implemented via service endpoints. Service endpoints ensure only traffic originating from within the specified virtual network can access the designated resource. In this case, the designated resource is the Azure Function. ⏎  ⏎ 1. Within the function app, select the **Networking** link under the _Settings_ section header. ⏎ 1. The _Networking_ page is the starting point to configure Azure Front Door, the Azure CDN, and also Access Restrictions. ⏎ 1. Select **Configure Access Restrictions** to configure private site access. ⏎ 1. On the _Access Restrictions_ page, you see only the default restriction in place. The default doesn't place any restrictions on access to the function app.  Select **Add rule** to create a private site access restriction configuration. ⏎ 1. In the _Add Access Restriction_ pane, provide a _Name_, _Priority_, and _Description_ for the new rule. ⏎ 1. Select **Virtual Network** from the _Type_ drop-down box, then select the previously created virtual network, and then select the **Tutorial** subnet.  ⏎     > [!NOTE] ⏎     > It may take several minutes to enable the service endpoint. ⏎ 1. The _Access Restrictions_ page now shows that there is a new restriction. It may take a few seconds for the _Endpoint status_ to change from Disabled through Provisioning to Enabled. ⏎  ⏎     >[!IMPORTANT] ⏎     > Each function app has an [Advanced Tool (Kudu) site](../app-service/app-service-ip-restrictions.md#restrict-access-to-an-scm-site) that is used to manage function app deployments. This site is accessed from a URL like: `<FUNCTION_APP_NAME>.scm.azurewebsites.net`. Enabling access restrictions on the Kudu site prevents the deployment of the project code from a local developer workstation, and then an agent is needed within the virtual network to perform the deployment.;;
4;contradicted;hibrido | granite4.1-8b;q179;Compare the pricing models of AWS, Azure, and GCP for compute resources;For a comprehensive comparison, additional information on AWS's pricing strategies for compute resources would be necessary, such as Reserved Instances, Spot Instances, and any specific discounts or commitment programs similar to Azure Savings Plans or GCP's Committed Use Discounts.;contradicted;0.9721;3dd371e4-f0da-4d86-9563-535d60f0211d;gcp/Compute Engine :: ResourcesStay organized with collectionsSave and categorize content based on your preferences.;[GCP > Compute Engine > ResourcesStay organized with collectionsSave and categorize content based on your preferences.] VM instances pricingThis page describes pricing for VM instances on Compute Engine, ⏎     including pricing for machine types and running a simulated maintenance ⏎     event.Spot VMs pricingThis page describes pricing for Spot VMs on Compute Engine.Networking pricingThis page describes pricing for networking resources on Google Cloud.Sole-tenant nodes pricingThis page describes pricing for sole-tenant nodes on Compute Engine.GPUs pricingThis page describes pricing for GPUs on Compute Engine.Disks and images pricingThis page describes pricing for Persistent Disk volumes and images on ⏎     Compute Engine.Confidential VM pricingThis page describes pricing for Confidential VM.VM Manager pricingThis page describes pricing for VM Manager.Cloud TPU pricingThis page describes pricing for Cloud TPU.Pricing announcement for Persistent Disk SnapshotsAnnouncement for upcoming pricing changes to Persistent Disk snapshots.Pricing announcement for custom machine typesAnnouncement for upcoming pricing changes for custom machine typesPricing calculatorUse the pricing calculator to estimate your bill.Resource usage quotas and permission managementDescribes the quotas and limits that apply to Compute Engine.API rate limitsDescribes the API rate limits that apply to Compute Engine.Concurrent operations quotaDescribes the concurrent operations quota for Compute Engine.OS Config quotasDescribes the request quotas you can make to the OS Config API.OS Login quotasDescribes the request quotas you can make to the OS Config API.LatestRelease notes for features and updates to the Compute Engine service.ArchivedAn archive of earlier release notes.Videos and samplesA collection of sample apps, videos, and links to additional resources.Known issuesKnown issues about Compute Engine.Frequently asked questionsCommon questions about Compute Engine and their answers.Billing questionsBilling questions about Compute Engine.Get supportGet support for Compute Engine.Report abuseReport suspected abuse of a specific service area.Compute Engine for Google Ad ManagerCompute Engine provides a great experience for hosting bidding logic for ⏎     Google Ad Manager, but you can use it to host bidders for other ⏎     exchanges too.CentOS 6 end of support GuidanceEnd of support guidance for the CentOS operating system on ⏎     Compute Engine.CentOS 8 end of supportEnd of support advisory for the CentOS 8 operating system on ⏎     Compute Engine.CentOS 6 end of supportEnd of support advisory for the CentOS 6 operating system on ⏎     Compute Engine.NVIDIA K80 end of supportEnd of support advisory for the NVIDIA K80 operating system on ⏎     Compute Engine.RHEL 6 end of supportEnd of support advisory for Red Hat Enterprise Linux (RHEL) ;;
5;contradicted;denso | granite4.1-8b;q002;What are the pricing tiers for AWS EC2?;discusses the concept of crossing pricing tiers and applying discounts, but it does not enumerate the actual tier levels or their monetary thresholds.;contradicted;0.9897;71678cdc-0f41-43c3-9414-926af9d9da5b;"aws/EC2 :: How you are billed<a name="concepts-reserved-instances-application"></a> > Reserved Instance discount pricing tiers<a name="reserved-instances-discounts"></a> > Calculate Reserved Instance pricing discounts<a name="pricing-discounts"></a> > [ New console ]";"year Partial Upfront `t2.small` Reserved Instance, assume the upfront price is $60\.00 and the hourly rate is $0\.007\. This provides a list value of $121\.32\. ⏎  ⏎  ⏎ [CODE_BLOCK_1] ⏎  ⏎  ⏎ ------ [AWS > EC2 > How you are billed<a name="concepts-reserved-instances-application"></a> > Reserved Instance discount pricing tiers<a name="reserved-instances-discounts"></a> > Calculate Reserved Instance pricing discounts<a name="pricing-discounts"></a> > [ New console ]] **To view the fixed price values for Reserved Instances using the Amazon EC2 console** ⏎  ⏎ 1. Open the Amazon EC2 console at [https://console\.aws\.amazon\.com/ec2/](https://console.aws.amazon.com/ec2/)\. ⏎  ⏎ 1. In the navigation pane, choose **Reserved Instances**\. ⏎  ⏎ 1. To display the **Upfront price** column, choose the settings icon \( ![\[Settings icon.\]](http://docs.aws.amazon.com/AWSEC2/latest/UserGuide/images/settings-icon.png) \) in the top\-right corner, toggle on **Upfront price**, and choose **Confirm**\. ⏎  ⏎ ------";;
6;contradicted;hibrido | gemma4-e4b;q164;When should you choose Azure Blob Storage over Azure Entra ID?;The documentation describes how to use Entra ID *with* Blob Storage, but it does not provide a scenario or condition under which one should choose Blob Storage *over* Entra ID.;contradicted;0.9981;43c5b3ef-9f5d-48fb-a1dd-f5d32c5e3b6b;azure/Blob Storage :: Manage blob containers using the Azure portal > Manage container and blob access > Manage Azure RBAC role assignments for the container;Properly managing access to containers and their blobs is key to ensuring that your data remains safe. The following sections illustrate ways in which you can meet your access requirements. [AZURE > Blob Storage > Manage blob containers using the Azure portal > Manage container and blob access > Manage Azure RBAC role assignments for the container] Microsoft Entra ID offers optimum security for Blob Storage resources. Azure role-based access control (Azure RBAC) determines what permissions a security principal has to a given resource. To grant access to a container, you'll assign an RBAC role at the container scope or above to a user, group, service principal, or managed identity. You may also choose to add one or more conditions to the role assignment. ⏎  ⏎ You can read about the assignment of roles at [Assign Azure roles using the Azure portal](assign-azure-role-data-access.md?tabs=portal).;;
7;contradicted;denso | gemma4-e4b;q036;What is Azure Virtual Machines and what are its main capabilities?;### Core Functionality and Networking.;contradicted;0.9915;9a304505-de23-499b-82b8-061f34d8b8a6;azure/Virtual Machines :: Virtual machines in Azure > Troubleshooting > How-To Guide;Azure portalAzure PowerShellTerraformAzure CLI ⏎  ⏎ Linux in Azure learning pathCreate a Windows virtual machine in Azure [AZURE > Virtual Machines > Virtual machines in Azure > Troubleshooting > How-To Guide] Troubleshooting GuidesTroubleshoot deployment issuesTroubleshoot allocation failuresTroubleshoot unexpected rebootsMicrosoft Q&A ⏎  ⏎ Azure Well-Architected Framework Virtual Machine considerationsAzure Well-Architected Framework Disk Storage considerationsCloud adoption frameworkAzure architecture center;;
8;contradicted;denso | gemma4-e4b;q043;What regions support Azure AKS?;AKS is supported in Public regions and **Azure.;contradicted;0.9907;45053f87-c7ae-439b-bf88-7f0f8623603f;azure/AKS :: AKS frequently asked questions > Quotas, limits, and region availability > Can I spread an AKS cluster across regions?;S uses Helm to deliver components to your cluster. You can safely ignoreaks-managedprefixed Helm releases. Continuously increasing revisions on these Helm releases are expected and safe. ⏎  ⏎ For a complete list of available regions, seeAKS regions and availability. [AZURE > AKS > AKS frequently asked questions > Quotas, limits, and region availability > Can I spread an AKS cluster across regions?] No. AKS clusters are regional resources and can't span regions. For guidance on how to create an architecture that includes multiple regions, seebest practices for business continuity and disaster recovery. ⏎  ⏎ Yes, you can deploy an AKS cluster across one or moreavailability zonesinregions that support them.;;
9;contradicted;denso | gemma4-e4b;q135;Compare AWS VPC and AWS IAM in terms of use cases and features;AWS IAM ⏎  ⏎ | Feature/Aspect | AWS VPC (Virtual Private Cloud);contradicted;0.7985;b6c325f6-8a4a-4c95-b451-6ba8655f2f63;"aws/EC2 :: Example policies for working with the AWS CLI or an AWS SDK<a name="ExamplePolicies_EC2"></a> > Example: Work with route tables<a name="iam-example-route-tables"></a>";" of the IAM role and not the instance profile \(if the names are different\)\. For more information, see [Instance profiles](iam-roles-for-amazon-ec2.md#ec2-instance-profile)\. ⏎  ⏎  ⏎ [CODE_BLOCK_55] [AWS > EC2 > Example policies for working with the AWS CLI or an AWS SDK<a name="ExamplePolicies_EC2"></a> > Example: Work with route tables<a name="iam-example-route-tables"></a>] The following policy allows users to add, remove, and replace routes for route tables that are associated with VPC `vpc-ec43eb89` only\. To specify a VPC for the `ec2:Vpc` condition key, you must specify the full ARN of the VPC\. ⏎  ⏎  ⏎ [CODE_BLOCK_56]";;
10;contradicted;denso | gemma4-e4b;q101;How to migrate an on-premises application to Google Cloud Cloud Run?;This container image must be stored in Artifact Registry to ensure seamless migration between GKE and Cloud Run [Source: gcp/GKE/GKE and Cloud RunStay.;contradicted;0.9912;b4e2c0bc-3837-46de-9a5c-ed43eff5d730;gcp/GKE :: GKE and Cloud RunStay organized with collectionsSave and categorize content based on your preferences.; can therefore easily be migrated between runtimes. ⏎ Here's anexamplecomparing the YAML files of a Kubernetes deployment and a ⏎ Cloud Run service.Both GKE and Cloud Run integrate seamlessly withCloud LoggingandCloud Monitoring, providing you with a ⏎ central [GCP > GKE > GKE and Cloud RunStay organized with collectionsSave and categorize content based on your preferences.] ized view on the Google Cloud console to observe application metrics ⏎ regardless of their platform. You can also useservice-level objectives ⏎ (SLO) monitoringon both ⏎ platforms, and view a unified display of the SLOs on the Cloud Monitoring ⏎ dashboard.You can implement continuous delivery to either GKE resources ⏎ or Cloud Run services by usingCloud Deploy. Or, if ⏎ you prefer, simultaneously deploy your application to both GKE ⏎ and Cloud Run usingparallel deployment.You can facilitateadvanced traffic ⏎ managementby using ⏎ external and internal load balancers for services on GKE and ⏎ Cloud Run. This includes the ability to expose external endpoints so ⏎ that you can deploy and run different URLs for the same application across ⏎ both platforms. You can also split traffic to the same service across ⏎ GKE and Cloud Run, enabling a seamless migration from ⏎ one platform to another.Google Cloud provides security tools to improve your security posture when ⏎ using both runtimes.OS ⏎ scanninglets you scan ⏎ containers for vulnerabilities before deploying to either platform. A centralBinary Authorizationpolicy can enforce integration with ⏎ the GKE and Cloud Run control plane to allow or block ⏎ image deployment based on the policies that you define. WithVPC Service Controls, security teams can define ⏎ fine-grained perimeter controls across your GKE and ⏎ Cloud Run resources.Compare GKE and Cloud RunTo take advantage of the best features of GKE and ⏎ Cloud Run, and know when to move workloads between them, it's important ⏎ to understand how the two services differ from one another.FeatureGKECloud RunDeployment and managementManage the Kubernetes clusters, including node configuration, networking, scaling, and upgrades.Google Cloud manages the underlying infrastructure and provides tools for simplifying cluster operations, but you're still responsible for the core Kubernetes aspects.Run containers directly on top of Google Cloud's scalable infrastructure.All you have to do is provide source code or a container image, and Cloud Run can build the container for you. You don't have to create a cluster, or provision and manage infrastructure.Control and flexibilityFull control over the Kubernetes cluster.You can create advanced customizations of node configurations, network policies, security settings, and add-ons.Limited control over the underlying infrastructure.You can configure things like environment variables, concurrency and network connections, but you can't customize the underlying infrastructure or environment. Ideal for simplicity and speed.Application typesSupports both stateless and stateful applications, and is ideal for complex applications with specific resource needs.Best suited for stateless,;;
11;contradicted;denso | mistral-7b-instruct;q156;When should you choose Azure AKS over Azure Virtual Network?;You want to take advantage of the overlay network model, which conserves IP addresses for virtual networks and provides maximum cluster scale support ..;contradicted;0.9994;ecb9ec0a-991b-445c-8a31-ab598bb98e13;azure/AKS :: Use kubenet networking with your own IP address ranges in Azure Kubernetes Service (AKS) > Overview of kubenet networking with your own subnet > Choose a network model to use;10.0.0.0/8address range that's advertised over the ExpressRoute connection. We recommend creating your AKS clusters in Azure virtual network subnets outside this address range, such as172.16.0.0/16. [AZURE > AKS > Use kubenet networking with your own IP address ranges in Azure Kubernetes Service (AKS) > Overview of kubenet networking with your own subnet > Choose a network model to use] The following considerations help outline when each network model may be the most appropriate: ⏎ Usekubenetwhen: ⏎ You have limited IP address space.Most of the pod communication is within the cluster.You don't need advanced AKS features, such as virtual nodes or Azure Network Policy. ⏎ UseAzure CNIwhen: ⏎ You have available IP address space.Most of the pod communication is to resources outside of the cluster.You don't want to manage user defined routes for pod connectivity.You need AKS advanced features, such as virtual nodes or Azure Network Policy. ⏎ For more information to help you decide which network model to use, seeCompare network models and their support scope.;;
12;contradicted;lexico | mistral-7b-instruct;q189;How do the Kubernetes managed services handle cluster upgrades in EKS vs AKS vs GKE?;Azure Kubernetes Service (AKS).;contradicted;0.9784;93830d22-63a6-4ead-b001-2e86f57ab283;azure/Blob Storage :: Static website hosting in Azure Storage;[AZURE > Blob Storage > Static website hosting in Azure Storage] Azure Blob Storage is ideal for storing large amounts of unstructured data such as text, images, and videos. Because blob storage also provides static website hosting support, it's a great option in cases where you don't require a web server to render content. Although you're limited to hosting static content such as HTML, CSS, JavaScript, and image files, you can use serverless architectures including [Azure Functions](../../azure-functions/functions-overview.md) and other Platform as a service (PaaS) services. ⏎  ⏎ [!INCLUDE [static websites vs static web apps](../../../includes/storage-blob-static-website-vs-static-web-app.md)] ⏎  ⏎ If you need a web server to render content, you can use [Azure App Service](https://azure.microsoft.com/services/app-service/).;;
13;contradicted;denso | mistral-7b-instruct;q024;What is AWS DynamoDB and what are its main features?;Backup and restore: DynamoDB provides automatic backups and point-in-time recovery to protect against accidental data loss or corruption.;contradicted;0.8781;e8f7c82f-3b75-4c1e-b093-76ad5c33f241;aws/DynamoDB :: NOTICE;[AWS > DynamoDB > NOTICE] This repository is archived, read-only, and no longer updated. For more information, read [the announcement on the AWS News Blog](https://aws.amazon.com/blogs/aws/retiring-the-aws-documentation-on-github/). ⏎  ⏎ You can find up-to-date AWS technical documentation on the [AWS Documentation website](https://docs.aws.amazon.com/), where you can also submit feedback and suggestions for improvement.;;
14;contradicted;denso | mistral-7b-instruct;q192;Compare identity federation approaches across AWS, Azure, and GCP;Azure Active Directory (AAD) provides identity federation capabilities that allow users to access Azure services and applications using identities from external identity providers such as SAML, OIDC, or social identity providers..;contradicted;0.9954;05a365fd-ff28-4c8a-bdc5-03b8ee39fef4;gcp/GKE :: Authenticate to Google Cloud APIs from GKE workloadsStay organized with collectionsSave and categorize content based on your preferences. > Disable Workload Identity Federation for GKE in your organization; Identity Federation for GKE for the cluster, do the following:Click theDetailstab.In theSecuritysection, next toWorkload Identity, clickeditEdit.In theEdit Workload Identitydialog, clear theEnable Workload Identitycheckbox.ClickSave changes. [GCP > GKE > Authenticate to Google Cloud APIs from GKE workloadsStay organized with collectionsSave and categorize content based on your preferences. > Disable Workload Identity Federation for GKE in your organization] The steps in thelink Kubernetes ServiceAccounts to IAMsection let Kubernetes ServiceAccounts impersonate the identity of the linked ⏎ IAM service account. Long-lived API tokens for the Kubernetes ⏎ ServiceAccounts can be exchanged for the corresponding IAMservice account access tokens. ⏎ You might want to disable Workload Identity Federation for GKE for clusters in your ⏎ organization, folder, or project when you want to isolate workloads from ⏎ IAM service accounts. For example, if you plan todisable service account creationordisable service account key creation, ⏎ disabling Workload Identity Federation for GKE prevents the exchange of ServiceAccount tokens ⏎ for IAM service account access tokens. ⏎ For more information, seeDisable workload identity cluster creation.;;
15;contradicted;hibrido | mistral-7b-instruct;q068;How to set up AWS VPC for a production workload?;On the Inbound rules tab, create the following rules: On the Outbound rules tab, keep the default rule, which allows all outbound traffic.;contradicted;0.9901;95ddf340-777a-4a23-8f34-0c2c622dcbbe;"aws/EC2 :: Set up to use Amazon EC2<a name="get-set-up-for-amazon-ec2"></a> > Create a security group<a name="create-a-base-security-group"></a> > [ Old console ]";" for a short time in a test environment, but it is unsafe for production environments\. ⏎  ⏎ 1. For **Outbound rules**, keep the default rule, which allows all outbound traffic\. ⏎  ⏎ 1. Choose **Create security group**\. ⏎  ⏎ ------ [AWS > EC2 > Set up to use Amazon EC2<a name="get-set-up-for-amazon-ec2"></a> > Create a security group<a name="create-a-base-security-group"></a> > [ Old console ]] **To create a security group with least privilege** ⏎  ⏎ 1. Open the Amazon EC2 console at [https://console\.aws\.amazon\.com/ec2/](https://console.aws.amazon.com/ec2/)\. ⏎  ⏎ 1. In the left navigation pane, choose **Security Groups**\. ⏎  ⏎ 1. Choose **Create Security Group**\. ⏎  ⏎ 1. Enter a name for the new security group and a description\. Use a name that is easy for you to remember, such as your user name, followed by \_SG\_, plus the Region name\. For example, *me*\_SG\_*uswest2*\. ⏎  ⏎ 1. In the **VPC** list, select your default VPC for the Region\. ⏎  ⏎ 1. On the **Inbound rules** tab, create the following rules \(choose **Add rule** for each new rule\): ⏎    + Choose **HTTP** from the **Type** list, and make sure that **Source** is set to **Anywhere** \(`0.0.0.0/0`\)\. ⏎    + Choose **HTTPS** from the **Type** list, and make sure that **Source** is set to **Anywhere** \(`0.0.0.0/0`\)\. ⏎    + Choose **SSH** from the **Type** list\. In the **Source** box, choose **My IP** to automatically populate the field with the public IPv4 address of your local computer\. Alternatively, choose **Custom** and specify the public IPv4 address of your computer or network in CIDR notation\. To specify an individual IP address in CIDR notation, add the routing suffix `/32`, for example, `203.0.113.25/32`\. If your company allocates addresses from a range, specify the entire range, such as `203.0.113.0/24`\. ⏎ **Warning**   ⏎ For security reasons, do not allow SSH access from all IP addresses to your instance\. This is acceptable for a short time in a test environment, but it is unsafe for production environments\. ⏎  ⏎ 1. On the **Outbound rules** tab, keep the default rule, which allows all outbound traffic\. ⏎  ⏎ 1. Choose **Create security group**\. ⏎  ⏎ ------";;
16;contradicted;lexico | qwen3.5-9b;q012;What is the SLA for AWS RDS?;Architecture and security group configurations.;contradicted;0.9068;80caba8a-0771-4ba2-96a3-1c145d8112da;"aws/EC2 :: Task 3: Automatically connect your EC2 instance to your RDS database<a name="option1-task3-connect-ec2-instance-to-rds-database"></a> > Task objective<a name="option1-task3-connect-ec2-instance-to-rds-database-objective"></a>";"[AWS > EC2 > Task 3: Automatically connect your EC2 instance to your RDS database<a name="option1-task3-connect-ec2-instance-to-rds-database"></a> > Task objective<a name="option1-task3-connect-ec2-instance-to-rds-database-objective"></a>] The objective of this task is to use the automatic connection feature in the EC2 console to automatically configure the connection between your EC2 instance and your RDS database\. ⏎  ⏎ Use the following steps to connect your EC2 instance and RDS database using the automatic feature in the EC2 console\. ⏎  ⏎ To view an animation of these steps, see [View an animation: Automatically connect a newly\-launched EC2 instance to an RDS database](#option1-task3-connect-ec2-instance-to-rds-database-animation)\. ⏎  ⏎ **To automatically connect an EC2 instance to an RDS database using the EC2 console** ⏎  ⏎ 1. On the instance launch confirmation page \(it should be open from the previous task\), choose **Connect an RDS database**\. ⏎  ⏎    If you closed the confirmation page, follow these steps: ⏎  ⏎    1. Open the Amazon EC2 console at [https://console\.aws\.amazon\.com/ec2/](https://console.aws.amazon.com/ec2/)\. ⏎  ⏎    1. In the navigation pane, choose **Instances**\. ⏎  ⏎    1. Select the EC2 instance that you just created, and then choose **Actions**, **Networking**, **Connect RDS database**\. ⏎  ⏎       If **Connect RDS database** is not available, check that the EC2 instance is in the **Running** state\. ⏎  ⏎ 1. For **Database role**, choose **Instance**\. *Instance* in this case refers to the database instance\. ⏎  ⏎ 1. For **RDS database**, choose the RDS database that you created in Task 1\. ⏎ **Note**   ⏎ The EC2 instance and the RDS database must be in the same VPC in order to connect to each other\. ⏎  ⏎ 1. Choose **Connect**\.";;
17;contradicted;lexico | qwen3.5-9b;q067;How to configure auto-scaling in AWS RDS?;The documentation does not contain any information about:.;contradicted;0.9997;76a9f816-cc46-4887-8268-4c6c2240d93d;"aws/EC2 :: Tutorial: Connect an Amazon EC2 instance to an Amazon RDS database<a name="tutorial-connect-ec2-instance-to-rds-database"></a> > Context<a name="tutorial-connect-ec2-rds-context"></a>";"-rds-option3.md) ⏎  ⏎   Configure the connection between your EC2 instance to your RDS database by manually configuring and assigning the security groups to reproduce the configuration that is automatically created by the automatic connection feature in Option 1 and Option 2\. [AWS > EC2 > Tutorial: Connect an Amazon EC2 instance to an Amazon RDS database<a name="tutorial-connect-ec2-instance-to-rds-database"></a> > Context<a name="tutorial-connect-ec2-rds-context"></a>] As context for why you'd want to configure a connection between your EC2 instance and an RDS database, let's consider the following scenario: Your website presents a form to your users to fill in\. You need to capture the form data in a database\. You can host your website on an EC2 instance that's been configured as a web server, and you can capture the form data in an RDS database\. The EC2 instance and the RDS database need to be connected to each other so that the form data can go from the EC2 instance to the RDS database\. This tutorial explains how to configure that connection\. Note that this is just one example of a use case for connecting an EC2 instance and an RDS database\.";;
18;contradicted;hibrido | qwen3.5-9b;q009;What is the SLA for AWS ECS?;Task scheduling strategies (REPLICA and DAEMON).;contradicted;0.9886;357e5e2b-83ce-4707-897f-e55de5bb223c;"aws/ECS :: Service Connect<a name="service-connect"></a>";"[AWS > ECS > Service Connect<a name="service-connect"></a>] Amazon ECS Service Connect provides management of service\-to\-service communication as Amazon ECS configuration\. It does this by building both service discovery and a service mesh in Amazon ECS\. This provides  the complete configuration inside each Amazon ECS service that you manage by service deployments, a unified way to refer to your services within namespaces that doesn't depend on the Amazon VPC DNS configuration, and standardized metrics and logs to monitor all of your applications on Amazon ECS\. Amazon ECS Service Connect only interconnects Amazon ECS services\. ⏎  ⏎ **Overview of steps to configure Service Connect**   ⏎ Follow these steps to configure Service Connect for a group of related services\. ⏎  ⏎ 1. Configure port names in your task definitions\. Additionally, you can identify the layer 7 protocol of the application, to get additional metrics\. ⏎  ⏎ 1. Create a AWS Cloud Map namespace\. For simple organization, create an Amazon ECS cluster and specify the identical name for the namespace\. In this case, Amazon ECS creates a new HTTP namespace with the necessary configuration\. Amazon ECS Service Connect doesn't use or create DNS hosted zones in Amazon Route 53\. ⏎  ⏎ 1. Configure services to create Service Connect endpoints within the namespace\. ⏎  ⏎ 1. Deploy services to create the endpoints\. Amazon ECS adds a Service Connect proxy container to each task, and creates the Service Connect endpoints in AWS Cloud Map\. This container isn't configured in the task definition, and the task definition can be reused without modification to create multiple services in the same namespace or in multiple namespaces\. ⏎  ⏎ 1. Deploy client apps as services to connect to the endpoints\. Amazon ECS connects them to the Service Connect endpoints through the Service Connect proxy in each task\. ⏎  ⏎ 1. Monitor traffic through the Service Connect proxy in Amazon CloudWatch\. ⏎  ⏎ **Regions with Service Connect**   ⏎ Amazon ECS Service Connect is available in the following AWS Regions: ⏎  ⏎  ⏎ | Region Name | Region |  ⏎ | --- | --- |  ⏎ |  US East \(Ohio\)  |  us\-east\-2  |  ⏎ |  US East \(N\. Virginia\)  |  us\-east\-1  |  ⏎ |  US West \(N\. California\)  |  us\-west\-1  |  ⏎ |  US West \(Oregon\)  |  us\-west\-2  |  ⏎ |  Africa \(Cape Town\)  |  af\-south\-1  |  ⏎ |  Asia Pacific \(Hong Kong\)  |  ap\-east\-1  |  ⏎ |  Asia Pacific \(Jakarta\) ";;
19;contradicted;hibrido | qwen3.5-9b;q155;What are the trade-offs between Azure Container Instances and Azure Virtual Network?;IPv6 Support: Azure Container Instances don't support IPv6 communication for containers.;contradicted;0.9969;d1289fdd-69da-41e4-a478-3dcd10a07a50;azure/Virtual Network :: Add, change, or delete a virtual network subnet;[AZURE > Virtual Network > Add, change, or delete a virtual network subnet] Azure virtual network subnets are essential containers where all Azure resources are deployed within a virtual network. This comprehensive guide explains how to add, change, or delete virtual network subnets using the Azure portal, Azure CLI, or Azure PowerShell, helping you effectively manage your network infrastructure.;;
20;contradicted;lexico | qwen3.5-9b;q172;What are the differences between AWS VPC and Azure Virtual Network?;## Available Information by Provider ⏎  ⏎ ### AWS VPC ⏎ The context provides the following information about AWS VPC: ⏎  ⏎ | Feature | Details | ⏎ |---------|---------| ⏎ | **Definition** | Enables you to define a virtual network in your own logically isolated area within the AWS cloud  | ⏎ | **IP Addressing** | You can select IP address range, create subnets, configure route tables, network gateways, and security settings  | ⏎ | **Internet Access** | By default, your instance can access the Internet.;contradicted;0.989;86e97b26-74d9-46e6-ab9e-91e993037776;"aws/EC2 :: EC2\-Classic<a name="ec2-classic-platform"></a> > Differences between instances in EC2\-Classic and a VPC<a name="differences-ec2-classic-vpc"></a>";" hardware\.  |  You can run your instance on shared hardware or single\-tenant hardware\.  |  ⏎ | Accessing the Internet | Your instance can access the Internet\. Your instance automatically receives a public IP address, and can access the Internet directly [AWS > EC2 > EC2\-Classic<a name="ec2-classic-platform"></a> > Differences between instances in EC2\-Classic and a VPC<a name="differences-ec2-classic-vpc"></a>]  through the AWS network edge\. | By default, your instance can access the Internet\. Your instance receives a public IP address by default\. An Internet gateway is attached to your default VPC, and your default subnet has a route to the Internet gateway\. | By default, your instance cannot access the Internet\. Your instance doesn't receive a public IP address by default\. Your VPC may have an Internet gateway, depending on how it was created\.  |  ⏎ | IPv6 addressing | IPv6 addressing is not supported\. You cannot assign IPv6 addresses to your instances\. | You can optionally associate an IPv6 CIDR block with your VPC, and assign IPv6 addresses to instances in your VPC\. | You can optionally associate an IPv6 CIDR block with your VPC, and assign IPv6 addresses to instances in your VPC\. |";;
21;unsupported;hibrido | granite4.1-8b;q171;Compare the serverless compute offerings between AWS Lambda and Azure Functions;Azure Functions provides specific enhancements like the Flex Consumption plan for reduced cold starts and virtual network support, which are not directly mentioned in the AWS Lambda context provided..;unsupported;0.0042;e347e6f7-f052-499c-bada-850793baebd4;azure/Azure Functions :: Azure Functions Flex Consumption plan hosting > Benefits; <em>serverless</em> model. ⏎  ⏎ You can review end-to-end samples that feature the Flex Consumption plan in the [Flex Consumption plan samples repository](https://github.com/Azure-Samples/azure-functions-flex-consumption-samples). [AZURE > Azure Functions > Azure Functions Flex Consumption plan hosting > Benefits] The Flex Consumption plan builds on the strengths of the serverless Consumption plan, which include dynamic scaling and execution-based billing. With Flex Consumption, you also get these extra features: ⏎  ⏎ + **Reduced Cold Start Times**: Enable [always-ready instances](#always-ready-instances) to achieve faster cold-start times compared to the Consumption plan.  ⏎ + **Virtual network support**: [Virtual network integration](#virtual-network-integration) enables your serverless app to run in a virtual network. ⏎ + **Per-Function Scaling**: Each function in your app [scales independently based on its workload](#per-function-scaling), potentially resulting in more efficient resource allocation. ⏎ + **Improved Concurrency Handling**: Better handling of concurrent executions with configurable concurrency settings per function. ⏎ + **Flexible Memory Configuration**: Flex Consumption offers multiple [instance sizes](#instance-sizes) size options, allowing you to optimize for your specific workload requirements. ⏎  ⏎ This table helps you directly compare the features of Flex Consumption with the Consumption hosting plan: ⏎  ⏎  ⏎ [TABLE_0] ⏎   ⏎ | Dedicated compute (mitigate cold starts) | ❌ None | ✅ Always ready instances (optional) |  ⏎ | Billing | Execution-time only | Execution-time + always-ready instances | ⏎ | Scale-out instances (max) | 200 | 1000 | ⏎  ⏎ For a complete comparison of the Flex Consumption plan against the Consumption plan and all other plan and hosting types, see [function scale and hosting options](functions-scale.md). ⏎  ⏎ > [!TIP] ⏎ > If you're migrating from the Linux Consumption plan, see [Migrate Consumption plan apps to the Flex Consumption plan](migration/migrate-plan-consumption-to-flex.md?pivots=platform-linux) for step-by-step migration instructions and important differences between the plans.;;
22;unsupported;denso | granite4.1-8b;q028;What instance types are available in AWS S3?;The document focuses exclusively on Amazon EC2 (Elastic Compute Cloud) instance types, categorizing them into current and previous generation instances across various families such as General Purpose, Compute Optimized, Memory Optimized, Storage Optimized, Accelerated Computing, etc.;unsupported;0.0129;8e0bf9dd-6ccb-4c71-aaa6-58459e539315;"aws/EC2 :: Instance types<a name="instance-types"></a> > Available instance types<a name="AvailableInstanceTypes"></a> > Current generation instances<a name="current-gen-instances"></a> > Memory optimized<a name="current-mo"></a>";"[AWS > EC2 > Instance types<a name="instance-types"></a> > Available instance types<a name="AvailableInstanceTypes"></a> > Current generation instances<a name="current-gen-instances"></a> > Memory optimized<a name="current-mo"></a>] | Type | Sizes |  ⏎ | --- | --- |  ⏎ | CR1 | cr1\.8xlarge |  ⏎ | Hpc6id | hpc6id\.32xlarge |  ⏎ | R4 | r4\.large \| r4\.xlarge \| r4\.2xlarge \| r4\.4xlarge \| r4\.8xlarge \| r4\.16xlarge |  ⏎ | R5 | r5\.large \| r5\.xlarge \| r5\.2xlarge \| r5\.4xlarge \| r5\.8xlarge \| r5\.12xlarge \| r5\.16xlarge \| r5\.24xlarge \| r5\.metal |  ⏎ | R5a | r5a\.large \| r5a\.xlarge \| r5a\.2xlarge \| r5a\.4xlarge \| r5a\.8xlarge \| r5a\.12xlarge \| r5a\.16xlarge \| r5a\.24xlarge |  ⏎ | R5ad | r5ad\.large \| r5ad\.xlarge \| r5ad\.2xlarge \| r5ad\.4xlarge \| r5ad\.8xlarge \| r5ad\.12xlarge \| r5ad\.16xlarge \| r5ad\.24xlarge |  ⏎ | R5b | r5b\.large \| r5b\.xlarge \| r5b\.2xlarge \| r5b\.4xlarge \| r5b\.8xlarge \| r5b\.12xlarge \| r5b\.16xlarge \| r5b\.24xlarge \| r5b\.metal |  ⏎ | R5d | r5d\.large \| r5d\.xlarge \| r5d\.2xlarge \| r5d\.4xlarge \| r5d\.8xlarge \| r5d\.12xlarge \| r5d\.16xlarge \| r5d\.24xlarge \| r5d\.metal |  ⏎ | R5dn | r5dn\.large \| r5dn\.xlarge \| r5dn\.2xlarge \| r5dn\.4xlarge \| r5dn\.8xlarge \| r5dn\.12xlarge \| r5dn\.16xlarge \| r5dn\.24xlarge \| r5dn\.metal |  ⏎ | R5n | r5n\.large \| r5n\.xlarge \| r5n\.2xlarge \| r5n\.4xlarge \| r5n\.8xlarge \| r5n\.12xlarge \| r5n\.16xlarge \| r5n\.24xlarge \| r5n\.metal |  ⏎ | R6a | r6a\.large \| r6a\.xlarge \| r6a\.2xlarge \| r6a\.4xlarge \| r6a\.8xlarge \| r6a\.12xlarge \| r6a\.16xlarge \| r6a\.24xlarge \| r6a\.32xlarge \| r6a\.48xlarge \| r6a\.metal |  ⏎ | R6g | r6g\.medium \| r6g\.large \| r6g\.xlarge \| r6g\.2xlarge \| r6g\.4xlarge \| r6g\.8xlarge \| r6g\.12xlarge \| r6g\.16xlarge \| r6g\.metal |  ⏎ | R6gd | r6gd\.medium \| r6gd\.large \| r6gd\.xlarge \| r6gd\.2xlarge \| r6gd\.4xlarge \| r6gd\.8xlarge \| r6gd\.12xlarge \| r6gd\.16xlarge \| r6gd\.metal |  ⏎ | R6i | r6i\.large \| r6i\.xlarge \| r6i\.2xlarge \| r6i\.4xlarge \| r6i\.8xlarge \| r6i\.12xlarge \| r6i\.16xlarge \| r6i\.24xlarge \| r6i\.32xlarge \| r6i\.metal |  ⏎ | R6idn | r6idn\.large \| r6idn\.xlarge \| r6idn\.2xlarge \| r6idn\.4xlarge \| r6idn\.8xlarge \| r6idn\.12xlarge \| r6idn\.16xlarge \| r6idn\.24xlarge \| r6idn\.32xlarge \| r6idn\.metal |  ⏎ | R6in | r6in\.large \| r6in\.xlarge \| r6in\.2xlarge \| r6in\.4xlarge \| r6in\.8xlarge \| r6in\.12xlarge \| r6in\.16xlarge \| r6in\.24xlarge \| r6in\.32xlarge \| r6in\.metal |  ⏎ | R6id | r6id\.large \| r6id\.xlarge \| r6id\.2xlarge \| r6id\.4xlarge \| r6id\.8xlarge \| r6id\.12xlarge \| r6id\.16xlarge \| r6id\.24xlarge \| r6id\.32xlarge \| r6id\.metal |  ⏎ | R7g | r7g\.medium \| r7g\.large \| r7g\.xlarge \| r7g\.2xlarge \| r7g\.4xlarge \| r7g\.8xlarge \| r7g\.12xlarge \| r7g\.16xlarge \| r7g\.metal |  ⏎ | U\-3tb1 | u\-3tb1\.56xlarge |  ⏎ | U\-6tb1 | u\-6tb1\.56xlarge \| u\-6tb1\.112xlarge \| u\-6tb1\.metal |  ⏎ | U\-9tb1 | u\-9tb1\.112xlarge \| u\-9tb1\.metal |  ⏎ | U\-12tb1 | u\-12tb1\.112xlarge \| u\-12tb1\.metal |  ⏎ | U\-18tb1 | u\-18tb1\.metal |  ⏎ | U\-24tb1 | u\-24tb1\.metal |  ⏎ | X1 | x1\.16xlarge \| x1\.32xlarge |  ⏎ | X2gd | x2gd\.medium \| x2gd\.large \| x2gd\.xlarge \| x2gd\.2xlarge \| x2gd\.4xlarge \| x2gd\.8xlarge \| x2gd\.12xlarge \| x2gd\.16xlarge \| x2gd\.metal |  ⏎ | X2idn | x2idn\.16xlarge \| x2idn\.24xlarge \| x2idn\.32xlarge \| x2idn\.metal |  ⏎ | X2iedn | x2iedn\.xlarge \| x2iedn\.2xlarge \| x2iedn\.4xlarge \| x2iedn\.8xlarge \| x2iedn\.16xlarge \| x2iedn\.24xlarge \| x2iedn\.32xlarge \| x2iedn\.metal |  ⏎ | X2iezn | x2iezn\.2xlarge \| x2iezn\.4xlarge \| x2iezn\.6xlarge \| x2iezn\.8xlarge \| x2iezn\.12xlarge \| x2iezn\.metal |  ⏎ | X1e | x1e\.xlarge \| x1e\.2xlarge \| x1e\.4xlarge \| x1e\.8xlarge \| x1e\.16xlarge \| x1e\.32xlarge |  ⏎ | z1d | z1d\.large \| z1d\.xlarge \| z1d\.2xlarge \| z1d\.3xlarge \| z1d\.6xlarge \| z1d\.12xlarge \| z1d\.metal |";;
23;unsupported;lexico | granite4.1-8b;q019;What are the limits and quotas for AWS EC2?;Target capacity per fleet: up to 10,000 instances..;unsupported;0.0055;b30b1f34-e36c-4fa2-a634-9ca10e113981;"aws/EC2 :: Fleet quotas<a name="fleet-quotas"></a>";"[AWS > EC2 > Fleet quotas<a name="fleet-quotas"></a>] The usual Amazon EC2 quotas \(formerly referred to as limits\) apply to instances launched by an EC2 Fleet or a Spot Fleet, such as [Spot Instance limits](using-spot-limits.md) and [volume limits](volume_limits.md)\. ⏎  ⏎ In addition, the following quotas apply: ⏎  ⏎  ⏎ ****   ⏎  ⏎ | Quota description | Quota |  ⏎ | --- | --- |  ⏎ | The number of EC2 Fleets and Spot Fleets per Region in the active, deleted\_running, and cancelled\_running states | 1,000 ¹ ² ³ ⁴ |  ⏎ | The number of Spot capacity pools \(unique combination of instance type and subnet\) | 300 ¹ ⁴ |  ⏎ | The size of the user data in a launch specification | 16 KB ² |  ⏎ | The target capacity per EC2 Fleet or Spot Fleet | 10,000 |  ⏎ | The target capacity across all EC2 Fleets and Spot Fleets in a Region | 100,000 ¹ |  ⏎ |  An EC2 Fleet request or a Spot Fleet request can't span Regions\.  |  |  ⏎ | An EC2 Fleet request or a Spot Fleet request can't span different subnets from the same Availability Zone\. |  |  ⏎  ⏎ ¹ These quotas apply to both your EC2 Fleets and your Spot Fleets\. ⏎  ⏎ ² These are hard quotas\. You cannot request an increase for these quotas\. ⏎  ⏎ ³ After you delete an EC2 Fleet or cancel a Spot Fleet request, and if you specified that the fleet should *not* terminate its Spot Instances when you deleted or canceled the request, the fleet request enters the `deleted_running` \(EC2 Fleet\) or `cancelled_running` \(Spot Fleet\) state and the instances continue to run until they are interrupted or you terminate them manually\. If you terminate the instances, the fleet request enters the `deleted_terminating` \(EC2 Fleet\) or `cancelled_terminating` \( Spot Fleet\) state and does not count towards this quota\. For more information, see [Delete an EC2 Fleet](manage-ec2-fleet.md#delete-fleet) and [Cancel a Spot Fleet request](work-with-spot-fleets.md#cancel-spot-fleet)\. ⏎  ⏎ ⁴ This quota only applies to fleets of type `request` or `maintain`\. This quota does not apply to `instant` fleets\.";;
24;unsupported;denso | granite4.1-8b;q132;What are the differences between AWS Lambda and AWS EC2?;It supports custom software installations and configurations..;unsupported;0.0347;9133b7e6-489e-476e-803a-66829b3575e0;"aws/EC2 :: What is Amazon EC2?<a name="concepts"></a> > Features of Amazon EC2<a name="ec2-features"></a>";" scale up or down to handle changes in requirements or spikes in popularity, reducing your need to forecast traffic\. ⏎  ⏎ For more information about cloud computing, see [What is cloud computing?](https://aws.amazon.com/what-is-cloud-computing/) [AWS > EC2 > What is Amazon EC2?<a name="concepts"></a> > Features of Amazon EC2<a name="ec2-features"></a>] Amazon EC2 provides the following features: ⏎ + Virtual computing environments, known as *instances* ⏎ + Preconfigured templates for your instances, known as *Amazon Machine Images \(AMIs\)*, that package the bits you need for your server \(including the operating system and additional software\) ⏎ + Various configurations of CPU, memory, storage, and networking capacity for your instances, known as *instance types* ⏎ + Secure login information for your instances using *key pairs* \(AWS stores the public key, and you store the private key in a secure place\) ⏎ + Storage volumes for temporary data that's deleted when you stop, hibernate, or terminate your instance, known as *instance store volumes* ⏎ + Persistent storage volumes for your data using Amazon Elastic Block Store \(Amazon EBS\), known as *Amazon EBS volumes* ⏎ + Multiple physical locations for your resources, such as instances and Amazon EBS volumes, known as *Regions* and *Availability Zones* ⏎ + A firewall that enables you to specify the protocols, ports, and source IP ranges that can reach your instances using *security groups* ⏎ + Static IPv4 addresses for dynamic cloud computing, known as *Elastic IP addresses* ⏎ + Metadata, known as *tags*, that you can create and assign to your Amazon EC2 resources ⏎ + Virtual networks you can create that are logically isolated from the rest of the AWS Cloud, and that you can optionally connect to your own network, known as *virtual private clouds* \(VPCs\) ⏎  ⏎ For more information about the features of Amazon EC2, see the [Amazon EC2 product page](https://aws.amazon.com/ec2)\. ⏎  ⏎ For more information about running your website on AWS, see [Web Hosting](https://aws.amazon.com/websites/)\.";;
25;unsupported;lexico | granite4.1-8b;q108;How to set up logging and monitoring for Google Cloud Cloud Build?;Navigate to Logging > Logs Explorer..;unsupported;0.6993;7a6d5760-f6cb-4db2-be46-96e0abfb5850;gcp/Cloud Functions :: Build process overview > View your build image logs;. ⏎ Cloud Storage does provide a free tier: review the pricing ⏎ document for further details.For Artifact Registry pricing, see thePricingpage.Because the build process is subject to billing, your project must ⏎ have aCloud Billing Accountattached to it. [GCP > Cloud Functions > Build process overview > View your build image logs] A key benefit of having the build image process in your user project is access ⏎ to build logs. You can use gcloud CLI or the Google Cloud console ⏎ to reach the logs, which are available throughCloud Logging. ⏎ gcloudDeploy your function using thegcloud functions deploycommand.The URL of the logs is shown as part of the response in your terminal ⏎ window. For example:Deployingfunction(maytakeawhile-upto2minutes)...⠹ ⏎ **ForCloudBuildStackdriverLogs**,visit: ⏎ https://console.cloud.google.com/logs/viewer?project=&advancedFilter=resource.type% ⏎ 3Dbuild%0Aresource.labels.build_id%3D38d5b662-2315-45dd-8aa2- ⏎ 380d50d4f5e8%0AlogName%3Dprojects%2F% ⏎ 2Flogs%2Fcloudbuild ⏎ Deployingfunction(maytakeawhile-upto2minutes)...done.Google Cloud consoleTo view function logs in the Cloud Run page:Go to Cloud RunClick the chosen function in the displayed list.Click theLOGStab to get the request and container logs for all ⏎ revisions of this function. You can filter by log severity level.;;
26;unsupported;lexico | gemma4-e4b;q002;What are the pricing tiers for AWS EC2?;Qualification Threshold: To qualify for a discount, the list value of your Reserved Instances in the Region must be $500,000 USD or more ..;unsupported;0.0139;f11dbe43-08c1-4f94-96de-7da11f4dae39;"aws/EC2 :: How you are billed<a name="concepts-reserved-instances-application"></a> > Reserved Instance discount pricing tiers<a name="reserved-instances-discounts"></a> > Calculate Reserved Instance pricing discounts<a name="pricing-discounts"></a>";"-discounts) ⏎ + [Buy with a discount tier](#buying-discount-tier) ⏎ + [Crossing pricing tiers](#crossing-pricing-tiers) ⏎ + [Consolidated billing for pricing tiers](#consolidating-billing) [AWS > EC2 > How you are billed<a name="concepts-reserved-instances-application"></a> > Reserved Instance discount pricing tiers<a name="reserved-instances-discounts"></a> > Calculate Reserved Instance pricing discounts<a name="pricing-discounts"></a>] You can determine the pricing tier for your account by calculating the list value for all of your Reserved Instances in a Region\. Multiply the hourly recurring price for each reservation by the total number of hours for the term and add the undiscounted upfront price \(also known as the fixed price\) at the time of purchase\. Because the list value is based on undiscounted \(public\) pricing, it is not affected if you qualify for a volume discount or if the price drops after you buy your Reserved Instances\. ⏎  ⏎  ⏎ [CODE_BLOCK_0] ⏎  ⏎  ⏎ For example, for a 1\-year Partial Upfront `t2.small` Reserved Instance, assume the upfront price is $60\.00 and the hourly rate is $0\.007\. This provides a list value of $121\.32\. ⏎  ⏎  ⏎ [CODE_BLOCK_1] ⏎  ⏎  ⏎ ------";;
27;unsupported;lexico | gemma4-e4b;q065;How to set up AWS RDS for a production workload?;Configuration Customization (Critical Warning) ⏎ The most important step is to customize the instance settings, as the default tutorial configurations are not suitable for production.;unsupported;0.0864;b0b431f3-498f-4c0d-9610-b347cba787d4;"aws/EC2 :: Task 1: Create an RDS database – *optional*<a name="option1-task1-create-rds-database"></a> > Steps to create an RDS database<a name="option1-task1-create-rds-database-steps"></a>";" that you can use, you can skip this task\. ⏎  ⏎ **Important**   ⏎ If you use an existing RDS database, make sure that it is in the same VPC as your EC2 instance so that you can use the automatic connection feature\. [AWS > EC2 > Task 1: Create an RDS database – *optional*<a name="option1-task1-create-rds-database"></a> > Steps to create an RDS database<a name="option1-task1-create-rds-database-steps"></a>] Use the following steps to create an RDS database\. ⏎  ⏎ To view an animation of these steps, see [View an animation: Create an RDS database](#task1-create-rds-database-animation)\. ⏎  ⏎ **RDS database configuration** ⏎  ⏎ The steps in this task configure the RDS database as follows: ⏎ + Engine type: MySQL ⏎ + Template: Free tier ⏎ + DB instance identifier: **tutorial\-database\-1** ⏎ + DB instance class: `db.t3.micro` ⏎  ⏎ **Important**   ⏎ In a production environment, you should configure your database to meet your specific needs\. ⏎  ⏎ **To create a MySQL RDS database** ⏎  ⏎ 1. Open the Amazon RDS console at [https://console\.aws\.amazon\.com/rds/](https://console.aws.amazon.com/rds/)\. ⏎  ⏎ 1. From the Region selector \(at top right\), choose an AWS Region\. The database and the EC2 instance must be in the same Region in order to use the automatic connection feature in the EC2 console\. ⏎  ⏎ 1. On the dashboard, choose **Create database**\. ⏎  ⏎ 1. Under **Choose a database creation method**, check that **Standard create** is selected\. If you choose **Easy create**, the VPC selector is not available\. You must ensure that your database is in the same VPC as your EC2 instance in order to use the automatic connection feature in the EC2 console\. ⏎  ⏎ 1. Under **Engine options**, for **Engine type**, choose **MySQL**\. ⏎  ⏎ 1. Under **Templates**, choose a sample template to meet your needs\. For this tutorial, choose **Free tier** to create a database at no cost\. However, note that the free tier is only available if your account is less than 12 months old\. Other restrictions apply\. You can read more by choosing the **Info** link in the **Free tier** box\. ⏎  ⏎ 1. Under **Settings**, do the following: ⏎  ⏎    1. For **DB instance identifier**, enter a name for the database\. For this tutorial, enter **tutorial\-database\-1**\. ⏎  ⏎    1. For **Master username**, leave the default name, which is **admin**\. ⏎  ⏎    1. For **Master password**, enter a password that you can remember for this tutorial, and then, for **Confirm password**, enter the password again\. ⏎  ⏎ 1. Under **Instance configuration**, for **DB instance class**, leave the default, which is **db\.t3";;
28;unsupported;lexico | gemma4-e4b;q092;How to implement backup and disaster recovery for Azure Virtual Machines?;Azure Backup [Source: azure/.;unsupported;0.2993;79978ccd-f82c-48c2-a861-66bd88a28ba2;azure/Virtual Machines :: Introduction to Azure managed disks > Backup and disaster recovery options; use to ensure their performance automatically shifts to meet the changing demands of your workload, others require manual adjustment, and other disk types can't do either. ⏎ To learn about the options each disk type has, seeOverview of options to improve Azure managed disk performance [AZURE > Virtual Machines > Introduction to Azure managed disks > Backup and disaster recovery options] Managed disks support several backup and disaster recovery options. These options include built-in redundancy options (locally redundant storage, and zone-redundant storage), Azure Backup, managed disk snapshots, restore points, and Azure Site Recovery. The ideal configuration of backup and disaster recovery options for your needs can vary. To decide which works best for your needs, seeBackup and disaster recovery for Azure managed disks.;;
29;unsupported;lexico | gemma4-e4b;q044;What are the service limits for Azure AKS?;Service limits for Azure AKS cover several areas, including the maximum number of managed clusters (quota limits) and the rate of API calls (throttling limits).;unsupported;0.4142;d2c26024-6c2a-4d2c-884b-0d070960a9a2;azure/AKS :: Quotas, virtual machine size restrictions, and region availability in Azure Kubernetes Service (AKS) > Service quotas and limits > Quota limits on AKS Managed Clusters > AKS Managed Clusters Quota Limits;, follow the instructions here: https://learn.microsoft.com/azure/quotas/quickstart-increase-quota-portal. ⏎ To remedy this, customers canrequest additional quota in the Azure portal Quotas pageor via theQuotas REST API. [AZURE > AKS > Quotas, virtual machine size restrictions, and region availability in Azure Kubernetes Service (AKS) > Service quotas and limits > Quota limits on AKS Managed Clusters > AKS Managed Clusters Quota Limits] Subscription TypeDefault number of AKS clusters per subscription per region for new subscriptions1Maximum number of AKS clusters per subscription per region via self service usingAzure portal Quotas page2Enterprise Agreement subscriptions1001,000CSP, Pay-as-you-go, Sponsored, MSDN, MPN, Azure Pass, Azure In Open, and Azure Pass subscriptions10100Free Trial and Azure for Students subscriptions33 ⏎ 1The default number of AKS clusters per subscription per region for new subscriptions may vary in regions with capacity constraints.2To request an increase of the quota limit,use the Azure portal Quotas request process. Quota increase requests above the maximum self service amount will require a support ticket. Free Trial and Azure for Students subscriptions aren't eligible for limit or quota increases. If you have a Free Trial or Azure for Students subscription, you can upgrade to a pay-as-you-go subscription to get higher quota limits.;;
30;unsupported;denso | gemma4-e4b;q004;What is AWS EKS and what are its main features?;The main features highlighted in the documentation and contribution process are: ⏎  ⏎ **Documentation Features (AsciiDoc-Powered):**.;unsupported;0.6138;aee3ebc4-764b-4e25-930b-c6f1e1422136;aws/EKS :: Amazon EKS User Guide;"[AWS > EKS > Amazon EKS User Guide] Welcome to the Amazon EKS User Guide repository. This repository contains the open source version of the [Amazon EKS User Guide](https://docs.aws.amazon.com/eks/latest/userguide/). ⏎  ⏎ You can now edit the EKS User Guide source directly. The AsciiDoc markup language meets the needs of the AWS Platform, while also being easy to learn.  ⏎  ⏎ Use the "Edit this page on GitHub" links in the right sidebar of the EKS User Guide to submit changes.  ⏎  ⏎ - **AsciiDoc-Powered Documentation**: The docs now use AsciiDoc, an intuitive yet powerful authoring language similar to Markdown that offers: ⏎   - Advanced formatting capabilities ⏎   - Robust cross-referencing ⏎   - Enhanced security controls ⏎   - Enterprise-grade documentation features ⏎  ⏎ - **Streamlined Contribution Process**: ⏎   - Direct editing of documentation source files ⏎   - Faster pull request processing ⏎   - Increased automation ⏎   - Reduced manual steps";;
31;unsupported;hibrido | mistral-7b-instruct;q065;How to set up AWS RDS for a production workload?;Configure additional settings such as storage, backup options, maintenance windows, etc., according to your specific needs..;unsupported;0.586;b0b431f3-498f-4c0d-9610-b347cba787d4;"aws/EC2 :: Task 1: Create an RDS database – *optional*<a name="option1-task1-create-rds-database"></a> > Steps to create an RDS database<a name="option1-task1-create-rds-database-steps"></a>";" that you can use, you can skip this task\. ⏎  ⏎ **Important**   ⏎ If you use an existing RDS database, make sure that it is in the same VPC as your EC2 instance so that you can use the automatic connection feature\. [AWS > EC2 > Task 1: Create an RDS database – *optional*<a name="option1-task1-create-rds-database"></a> > Steps to create an RDS database<a name="option1-task1-create-rds-database-steps"></a>] Use the following steps to create an RDS database\. ⏎  ⏎ To view an animation of these steps, see [View an animation: Create an RDS database](#task1-create-rds-database-animation)\. ⏎  ⏎ **RDS database configuration** ⏎  ⏎ The steps in this task configure the RDS database as follows: ⏎ + Engine type: MySQL ⏎ + Template: Free tier ⏎ + DB instance identifier: **tutorial\-database\-1** ⏎ + DB instance class: `db.t3.micro` ⏎  ⏎ **Important**   ⏎ In a production environment, you should configure your database to meet your specific needs\. ⏎  ⏎ **To create a MySQL RDS database** ⏎  ⏎ 1. Open the Amazon RDS console at [https://console\.aws\.amazon\.com/rds/](https://console.aws.amazon.com/rds/)\. ⏎  ⏎ 1. From the Region selector \(at top right\), choose an AWS Region\. The database and the EC2 instance must be in the same Region in order to use the automatic connection feature in the EC2 console\. ⏎  ⏎ 1. On the dashboard, choose **Create database**\. ⏎  ⏎ 1. Under **Choose a database creation method**, check that **Standard create** is selected\. If you choose **Easy create**, the VPC selector is not available\. You must ensure that your database is in the same VPC as your EC2 instance in order to use the automatic connection feature in the EC2 console\. ⏎  ⏎ 1. Under **Engine options**, for **Engine type**, choose **MySQL**\. ⏎  ⏎ 1. Under **Templates**, choose a sample template to meet your needs\. For this tutorial, choose **Free tier** to create a database at no cost\. However, note that the free tier is only available if your account is less than 12 months old\. Other restrictions apply\. You can read more by choosing the **Info** link in the **Free tier** box\. ⏎  ⏎ 1. Under **Settings**, do the following: ⏎  ⏎    1. For **DB instance identifier**, enter a name for the database\. For this tutorial, enter **tutorial\-database\-1**\. ⏎  ⏎    1. For **Master username**, leave the default name, which is **admin**\. ⏎  ⏎    1. For **Master password**, enter a password that you can remember for this tutorial, and then, for **Confirm password**, enter the password again\. ⏎  ⏎ 1. Under **Instance configuration**, for **DB instance class**, leave the default, which is **db\.t3";;
32;unsupported;denso | mistral-7b-instruct;q128;When should you use AWS VPC instead of AWS RDS?;On the other hand, Amazon RDS (Relational Database Service) is a managed database service that makes it easier to set up, operate, and scale a relational database in the cloud [AWS > Services > Amazon RDS].;unsupported;0.5594;b0b431f3-498f-4c0d-9610-b347cba787d4;"aws/EC2 :: Task 1: Create an RDS database – *optional*<a name="option1-task1-create-rds-database"></a> > Steps to create an RDS database<a name="option1-task1-create-rds-database-steps"></a>";" that you can use, you can skip this task\. ⏎  ⏎ **Important**   ⏎ If you use an existing RDS database, make sure that it is in the same VPC as your EC2 instance so that you can use the automatic connection feature\. [AWS > EC2 > Task 1: Create an RDS database – *optional*<a name="option1-task1-create-rds-database"></a> > Steps to create an RDS database<a name="option1-task1-create-rds-database-steps"></a>] Use the following steps to create an RDS database\. ⏎  ⏎ To view an animation of these steps, see [View an animation: Create an RDS database](#task1-create-rds-database-animation)\. ⏎  ⏎ **RDS database configuration** ⏎  ⏎ The steps in this task configure the RDS database as follows: ⏎ + Engine type: MySQL ⏎ + Template: Free tier ⏎ + DB instance identifier: **tutorial\-database\-1** ⏎ + DB instance class: `db.t3.micro` ⏎  ⏎ **Important**   ⏎ In a production environment, you should configure your database to meet your specific needs\. ⏎  ⏎ **To create a MySQL RDS database** ⏎  ⏎ 1. Open the Amazon RDS console at [https://console\.aws\.amazon\.com/rds/](https://console.aws.amazon.com/rds/)\. ⏎  ⏎ 1. From the Region selector \(at top right\), choose an AWS Region\. The database and the EC2 instance must be in the same Region in order to use the automatic connection feature in the EC2 console\. ⏎  ⏎ 1. On the dashboard, choose **Create database**\. ⏎  ⏎ 1. Under **Choose a database creation method**, check that **Standard create** is selected\. If you choose **Easy create**, the VPC selector is not available\. You must ensure that your database is in the same VPC as your EC2 instance in order to use the automatic connection feature in the EC2 console\. ⏎  ⏎ 1. Under **Engine options**, for **Engine type**, choose **MySQL**\. ⏎  ⏎ 1. Under **Templates**, choose a sample template to meet your needs\. For this tutorial, choose **Free tier** to create a database at no cost\. However, note that the free tier is only available if your account is less than 12 months old\. Other restrictions apply\. You can read more by choosing the **Info** link in the **Free tier** box\. ⏎  ⏎ 1. Under **Settings**, do the following: ⏎  ⏎    1. For **DB instance identifier**, enter a name for the database\. For this tutorial, enter **tutorial\-database\-1**\. ⏎  ⏎    1. For **Master username**, leave the default name, which is **admin**\. ⏎  ⏎    1. For **Master password**, enter a password that you can remember for this tutorial, and then, for **Confirm password**, enter the password again\. ⏎  ⏎ 1. Under **Instance configuration**, for **DB instance class**, leave the default, which is **db\.t3";;
33;unsupported;lexico | mistral-7b-instruct;q135;Compare AWS VPC and AWS IAM in terms of use cases and features;Features: AWS VPC : It allows you to control traffic flow between instances in your own virtual network, as well as define a networking environment that's similar to on-premises environments.;unsupported;0.0317;a750c78a-0bba-4dcd-b91e-af42f5e7feac;aws/Lambda :: License Summary; [sample-apps](./sample-apps) - Sample applications that demonstrate features and use cases for the AWS Lambda service and managed runtimes. ⏎ - [templates](./templates) - AWS CloudFormation templates for creating functions and VPC network resources. [AWS > Lambda > License Summary] The sample code within this repo is made available under a modified MIT license. See the [LICENSE](./LICENSE) file.;;
34;unsupported;denso | mistral-7b-instruct;q079;How to deploy a containerized application on AWS EC2?;Verify that you can run Docker commands without [CODE]..;unsupported;0.1091;fb44d896-96a8-4720-ba86-da7305a1d015;"aws/ECS :: Getting started with Amazon ECS using the AWS CDK<a name="tutorial-ecs-web-server-cdk"></a> > Step 2: Use the AWS CDK to define a containerized web server on Fargate<a name="ecs-web-server-cdk-step-2"></a>";"[CODE_BLOCK_11] ⏎  ⏎  ⏎ ------ [AWS > ECS > Getting started with Amazon ECS using the AWS CDK<a name="tutorial-ecs-web-server-cdk"></a> > Step 2: Use the AWS CDK to define a containerized web server on Fargate<a name="ecs-web-server-cdk-step-2"></a>] Use the container image [https://hub.docker.com/r/amazon/amazon-ecs-sample](https://hub.docker.com/r/amazon/amazon-ecs-sample) from DockerHub\. This image contains a PHP web app that runs on Amazon Linux 2\. ⏎  ⏎ In the AWS CDK project that you created, edit the file that contains the stack definition to resemble one of the following examples\. ⏎  ⏎ **Note**   ⏎ A stack is a unit of deployment\. All resources must be in a stack, and all the resources that are in a stack are deployed at the same time\. If a resource fails to deploy, any other resources that were already deployed are rolled back\. An AWS CDK app can contain multiple stacks, and resources in one stack can refer to resources in another stack\. ⏎  ⏎ ------";;
35;unsupported;hibrido | mistral-7b-instruct;q035;What are the service limits for Azure Functions?;For a comprehensive list of service limits for Azure Functions, refer to the [Functions service limits](functions-scale.md#service-limits) documentation.;unsupported;0.5023;0a848066-8d2d-435f-89c6-e5232f21d96f;"azure/Virtual Network :: Azure Virtual Network frequently asked questions (FAQ) > Migration of classic network resources to Resource Manager > What is Azure Service Manager, and what does the term "classic" mean?";"nets that you use for securing the resource. The following table shows some example limits: ⏎  ⏎  ⏎ [TABLE_0] ⏎  ⏎ >[!NOTE] ⏎ > The limits are subject to change at the discretion of the Azure services. Refer to the respective service documentation for details. [AZURE > Virtual Network > Azure Virtual Network frequently asked questions (FAQ) > Migration of classic network resources to Resource Manager > What is Azure Service Manager, and what does the term "classic" mean?] Azure Service Manager is the old deployment model of Azure that was responsible for creating, managing, and deleting resources. The word *classic* in a networking service refers to resources managed by the Azure Service Manager model. For more information, see the [comparison of deployment models](../azure-resource-manager/management/deployment-models.md).";;
36;unsupported;lexico | qwen3.5-9b;q011;What is AWS VPC and what are its main features?;A default subnet for each Availability Zone.;unsupported;0.2736;37c05779-f8d7-4e24-8ed7-093f6213c6d9;"aws/EC2 :: Dedicated Instances<a name="dedicated-instance"></a> > Supported features<a name="features"></a>";" and manually specify a tenancy of `dedicated` for the instances to run as Dedicated Instances\. For more information, see [Launch Dedicated Instances into a VPC](dedicated-usage-overview.md#dedicatedinstancesintovpc)\. [AWS > EC2 > Dedicated Instances<a name="dedicated-instance"></a> > Supported features<a name="features"></a>] Dedicated Instances support the following features and AWS service integrations: ⏎  ⏎ **Topics** ⏎ + [Reserved Instances](#dedicatedreservedinstances) ⏎ + [Automatic scaling](#dedicated-instance-autoscaling) ⏎ + [Automatic recovery](#dedicated-instance-recovery) ⏎ + [Dedicated Spot Instances](#dedicated-instance-spot) ⏎ + [Burstable performance instances](#dedicated-instance-burstable)";;
37;unsupported;lexico | qwen3.5-9b;q026;What are the limits and quotas for AWS CloudWatch?;CloudWatch Service Quotas: The context states that calls to [CODE] count toward CloudWatch service quotas associated with your account .;unsupported;0.5298;2426a8c8-6ea5-437c-af0e-e867067f0335;"aws/EC2 :: Spot Instance quotas<a name="using-spot-limits"></a> > Monitor Spot Instance quotas and usage<a name="monitoring-spot-limits"></a>";" Spot Instances \(16 x 16 vCPUs\)\.  ⏎  ⏎ **Topics** ⏎ + [Monitor Spot Instance quotas and usage](#monitoring-spot-limits) ⏎ + [Request a quota increase](#spot-vcpu-limits-request-increase) [AWS > EC2 > Spot Instance quotas<a name="using-spot-limits"></a> > Monitor Spot Instance quotas and usage<a name="monitoring-spot-limits"></a>] You can view and manage your Spot Instance quotas using the following: ⏎ + The Amazon EC2 [Services quotas page](https://console.aws.amazon.com/servicequotas/#!/services/ec2/quotas) in the Service Quotas console ⏎ + The [get\-service\-quota](https://docs.aws.amazon.com/cli/latest/reference/service-quotas/get-service-quota.html) AWS CLI ⏎  ⏎ For more information, see [Amazon EC2 service quotas](ec2-resource-limits.md) in the *Amazon EC2 User Guide for Linux Instances* and [Viewing service quotas](https://docs.aws.amazon.com/servicequotas/latest/userguide/gs-request-quota.html) in the *Service Quotas User Guide*\. ⏎  ⏎ With Amazon CloudWatch metrics integration, you can monitor EC2 usage against your quotas\. You can also configure alarms to warn about approaching quotas\. For more information, see [Service Quotas and Amazon CloudWatch alarms](https://docs.aws.amazon.com/servicequotas/latest/userguide/configure-cloudwatch.html) in the *Service Quotas User Guide*\.";;
38;unsupported;hibrido | qwen3.5-9b;q137;What are the trade-offs between AWS Lambda and AWS EC2 for production workloads?;Amazon ECS (Elastic Container Service, container orchestration, Fargate, ECS Anywhere).;unsupported;0.6867;1c320f56-b230-4e1a-9307-6da4fd384ad7;"aws/EC2 :: Optimize CPU options<a name="instance-optimize-cpu"></a>";"[AWS > EC2 > Optimize CPU options<a name="instance-optimize-cpu"></a>] Amazon EC2 instances support multithreading, which enables multiple threads to run concurrently on a single CPU core\. Each thread is represented as a virtual CPU \(vCPU\) on the instance\. An instance has a default number of CPU cores, which varies according to instance type\. For example, an `m5.xlarge` instance type has two CPU cores and two threads per core by default—four vCPUs in total\. ⏎  ⏎ **Note**   ⏎ Each vCPU is a thread of a CPU core, except for T2 instances and instances powered by AWS Graviton2 processors\. ⏎  ⏎ In most cases, there is an Amazon EC2 instance type that has a combination of memory and number of vCPUs to suit your workloads\. However, you can specify the following CPU options to optimize your instance for specific workloads or business needs: ⏎ + **Number of CPU cores**: You can customize the number of CPU cores for the instance\. You might do this to potentially optimize the licensing costs of your software with an instance that has sufficient amounts of RAM for memory\-intensive workloads but fewer CPU cores\. ⏎ + **Threads per core**: You can disable multithreading by specifying a single thread per CPU core\. You might do this for certain workloads, such as high performance computing \(HPC\) workloads\. ⏎  ⏎ You can specify these CPU options during instance launch\. There is no additional or reduced charge for specifying CPU options\. You're charged the same as instances that are launched with default CPU options\. ⏎  ⏎ **Topics** ⏎ + [Rules for specifying CPU options](instance-cpu-options-rules.md) ⏎ + [CPU cores and threads per CPU core per instance type](cpu-options-supported-instances-values.md) ⏎ + [Specify CPU options for your instance](instance-specify-cpu-options.md) ⏎ + [View the CPU options for your instance](view-cpu-options.md)";;
39;unsupported;denso | qwen3.5-9b;q054;What are the quotas for Google Cloud Compute Engine?;If your project lacks preemptible quota, standard quota is consumed.;unsupported;0.6176;88ce17f4-cf2d-4ba0-8ed9-8682d16f1287;gcp/GKE :: Run GPUs in GKE Standard node poolsStay organized with collectionsSave and categorize content based on your preferences. > Ensure sufficient GPU quota > Requesting GPU quota; quota at least equivalent to the number of GPUs per node multiplied by your cluster's maximum number of ⏎ nodes. ⏎ For example, if you create a cluster with three nodes that runs two GPUs ⏎ per node, your project requires at least six GPU quota. [GCP > GKE > Run GPUs in GKE Standard node poolsStay organized with collectionsSave and categorize content based on your preferences. > Ensure sufficient GPU quota > Requesting GPU quota] To request GPU quota, use the Google Cloud console. For more information about ⏎ requesting quotas, refer toGPU quotasin the ⏎ Compute Engine documentation. ⏎ To search for GPU quota and submit a quota request, use the Google Cloud console: ⏎ Go to the IAM & AdminQuotaspage in the Google Cloud console.Go to QuotasIn theFilterbox, do the following:Select theQuotaproperty, enter the name of theGPU model, and pressEnter.(Optional) To apply more advanced filters to narrow the results, select ⏎ theDimensions (for example, locations)property, add the name of theregion or zone you are using, and ⏎ pressEnter.From the list of GPU quotas, select the quota you want to change.ClickEdit Quotas. A request form opens.Fill theNew quota limitfield for each quota request.Fill theRequest descriptionfield with details about your request.ClickNext.In theOverride confirmationdialog, clickConfirm.In theContact detailsscreen, enter your name and a phone number that the approvers might use to complete your quota change request.ClickSubmit request.You receive a confirmation email to track the quota change.;;
40;unsupported;denso | qwen3.5-9b;q071;How to monitor AWS DynamoDB with CloudWatch?;To answer this question accurately, I would need documentation specifically covering AWS DynamoDB monitoring capabilities with CloudWatch.;unsupported;0.2461;621adfd5-7e38-4ce5-b6a1-4ebb1b09f558;"aws/EC2 :: Monitor your instances using CloudWatch<a name="using-cloudwatch"></a>";"[AWS > EC2 > Monitor your instances using CloudWatch<a name="using-cloudwatch"></a>] You can monitor your instances using Amazon CloudWatch, which collects and processes raw data from Amazon EC2 into readable, near real\-time metrics\. These statistics are recorded for a period of 15 months, so that you can access historical information and gain a better perspective on how your web application or service is performing\. ⏎  ⏎ By default, Amazon EC2 sends metric data to CloudWatch in 5\-minute periods\. To send metric data for your instance to CloudWatch in 1\-minute periods, you can enable detailed monitoring on the instance\. For more information, see [Enable or turn off detailed monitoring for your instances](using-cloudwatch-new.md)\. ⏎  ⏎ The Amazon EC2 console displays a series of graphs based on the raw data from Amazon CloudWatch\. Depending on your needs, you might prefer to get data for your instances from Amazon CloudWatch instead of the graphs in the console\. ⏎  ⏎ For more information about Amazon CloudWatch, see the [Amazon CloudWatch User Guide](https://docs.aws.amazon.com/AmazonCloudWatch/latest/monitoring/)\. ⏎  ⏎ **Topics** ⏎ + [Enable or turn off detailed monitoring for your instances](using-cloudwatch-new.md) ⏎ + [List the available CloudWatch metrics for your instances](viewing_metrics_with_cloudwatch.md) ⏎ + [Get statistics for metrics for your instances](monitoring_get_statistics.md) ⏎ + [Graph metrics for your instances](graphs-in-the-aws-management-console.md) ⏎ + [Create a CloudWatch alarm for an instance](using-cloudwatch-createalarm.md) ⏎ + [Create alarms that stop, terminate, reboot, or recover an instance](UsingAlarmActions.md)";;
41;supported;denso | granite4.1-8b;q031;What regions support Azure Entra ID?;The supported Azure clouds for Azure Entra ID are:.;supported;0.9618;37d17004-c1da-4b9e-8fc5-12b36eb2aecf;azure/Entra ID :: Sign in to Windows virtual machine in Azure or Arc-enabled Windows Server, using Microsoft Entra ID and Azure Roles Based Access Control > Requirements > Network requirements;Azure GlobalAzure GovernmentMicrosoft Azure operated by 21Vianet ⏎ NoteCIS hardened images support Microsoft Entra ID authentication for Microsoft Windows Enterprise and Microsoft Windows Server offerings. For more information, see:CIS Hardened Images on Microsoft Windows Enterprise. [AZURE > Entra ID > Sign in to Windows virtual machine in Azure or Arc-enabled Windows Server, using Microsoft Entra ID and Azure Roles Based Access Control > Requirements > Network requirements] To enable Microsoft Entra authentication to virtual machines in Azure or Arc-enabled Windows Servers, you need to ensure that your network configuration permits outbound access to the following endpoints over TCP port 443. ⏎ Azure Global: ⏎ https://enterpriseregistration.windows.net: Device registration. ⏎ http://169.254.169.254: Azure Instance Metadata Service endpoint. ⏎ http://localhost:40342: Arc Instance Metadata Service endpoint. ⏎ https://login.microsoftonline.com: Authentication flows.https://pas.windows.net: Azure role-based access control flows. ⏎ Azure Government: ⏎ https://enterpriseregistration.microsoftonline.us: Device registration. ⏎ http://169.254.169.254: Azure Instance Metadata Service endpoint. ⏎ http://localhost:40342: Arc Instance Metadata Service endpoint. ⏎ https://login.microsoftonline.us: Authentication flows.https://pasff.usgovcloudapi.net: Azure role-based access control flows. ⏎ Microsoft Azure operated by 21Vianet: ⏎ https://enterpriseregistration.partner.microsoftonline.cn: Device registration. ⏎ http://169.254.169.254: Azure Instance Metadata Service endpoint. ⏎ http://localhost:40342: Arc Instance Metadata Service endpoint. ⏎ https://login.chinacloudapi.cn: Authentication flows.https://pas.chinacloudapi.cn: Azure role-based access control flows. ⏎ For Azure Arc-enabled Windows Servers, more network requirements are provided in theArc-connected server documentation.;;
42;supported;lexico | granite4.1-8b;q108;How to set up logging and monitoring for Google Cloud Cloud Build?;Access the build logs via the URL provided in the terminal output or through the Google Cloud Console's Logs Explorer..;supported;0.8795;7a6d5760-f6cb-4db2-be46-96e0abfb5850;gcp/Cloud Functions :: Build process overview > View your build image logs;. ⏎ Cloud Storage does provide a free tier: review the pricing ⏎ document for further details.For Artifact Registry pricing, see thePricingpage.Because the build process is subject to billing, your project must ⏎ have aCloud Billing Accountattached to it. [GCP > Cloud Functions > Build process overview > View your build image logs] A key benefit of having the build image process in your user project is access ⏎ to build logs. You can use gcloud CLI or the Google Cloud console ⏎ to reach the logs, which are available throughCloud Logging. ⏎ gcloudDeploy your function using thegcloud functions deploycommand.The URL of the logs is shown as part of the response in your terminal ⏎ window. For example:Deployingfunction(maytakeawhile-upto2minutes)...⠹ ⏎ **ForCloudBuildStackdriverLogs**,visit: ⏎ https://console.cloud.google.com/logs/viewer?project=&advancedFilter=resource.type% ⏎ 3Dbuild%0Aresource.labels.build_id%3D38d5b662-2315-45dd-8aa2- ⏎ 380d50d4f5e8%0AlogName%3Dprojects%2F% ⏎ 2Flogs%2Fcloudbuild ⏎ Deployingfunction(maytakeawhile-upto2minutes)...done.Google Cloud consoleTo view function logs in the Cloud Run page:Go to Cloud RunClick the chosen function in the displayed list.Click theLOGStab to get the request and container logs for all ⏎ revisions of this function. You can filter by log severity level.;;
43;supported;lexico | gemma4-e4b;q132;What are the differences between AWS Lambda and AWS EC2?;State Changes: EC2 instances generate events when their state changes (e.g., an instance is launched or changes state within an EC2 Fleet or Spot Fleet)..;supported;0.9704;ba63ec42-6d16-4c11-82d9-7d7410e48033;"aws/EC2 :: Create Amazon EventBridge rules to monitor EC2 Fleet events<a name="ec2-fleet-using-eventbridge"></a> > Create an EventBridge rule to trigger a Lambda function<a name="eventbridge-trigger-lambda"></a>";"docs.aws.amazon.com/eventbridge/latest/userguide/eb-rules.html) and [Amazon EventBridge event patterns](https://docs.aws.amazon.com/eventbridge/latest/userguide/eb-event-patterns.html) in the *Amazon EventBridge User Guide* [AWS > EC2 > Create Amazon EventBridge rules to monitor EC2 Fleet events<a name="ec2-fleet-using-eventbridge"></a> > Create an EventBridge rule to trigger a Lambda function<a name="eventbridge-trigger-lambda"></a>] The following example creates an EventBridge rule to trigger a Lambda function every time that Amazon EC2 emits an EC2 Fleet instance change notification for when an instance is launched\. The signal in this example is emitted as an `EC2 Fleet Instance Change` event, sub\-type `launched`, which triggers the action defined by the rule\. ⏎  ⏎ Before creating the EventBridge rule, you must create the Lambda function\. ⏎  ⏎ **To create the Lambda function to use in the EventBridge rule** ⏎  ⏎ 1. Open the AWS Lambda console at [https://console\.aws\.amazon\.com/lambda/](https://console.aws.amazon.com/lambda/)\. ⏎  ⏎ 1. Choose **Create function**\. ⏎  ⏎ 1. Enter a name for your function, configure the code, and then choose **Create function**\. ⏎  ⏎    For more information about using Lambda, see [Create a Lambda function with the console](https://docs.aws.amazon.com/lambda/latest/dg/getting-started-create-function.html) in the *AWS Lambda Developer Guide*\. ⏎  ⏎ **To create an EventBridge rule to trigger a Lambda function when an instance in an EC2 Fleet changes state** ⏎  ⏎ 1. Open the Amazon EventBridge console at [https://console\.aws\.amazon\.com/events/](https://console.aws.amazon.com/events/)\. ⏎  ⏎ 1. Choose **Create rule**\. ⏎  ⏎ 1. For **Define rule detail**, do the following: ⏎  ⏎    1. Enter a **Name** for the rule, and, optionally, a description\. ⏎  ⏎       A rule can't have the same name as another rule in the same Region and on the same event bus\. ⏎  ⏎    1. For **Event bus**, choose **default**\. When an AWS service in your account generates an event, it always goes to your account's default event bus\. ⏎  ⏎    1. For **Rule type**, choose **Rule with an event pattern**\. ⏎  ⏎    1. Choose **Next**\. ⏎  ⏎ 1. For **Build event pattern**, do the following: ⏎  ⏎    1. For **Event source**, choose **AWS events or EventBridge partner events**\. ⏎  ⏎    1. For **Event pattern**, for this example you’ll specify the following event pattern to match the `EC2 Fleet Instance Change` event and `launched` sub\-type\. ⏎  ⏎        ⏎ [CODE_BLOCK_1] ⏎  ⏎  ⏎       To add the event pattern, you can either use a template by choosing **Event pattern form**, or specify your own pattern";;
44;supported;hibrido | gemma4-e4b;q041;What regions support Azure Virtual Network?;Virtual Network TAP** ⏎ The supported regions for Virtual Network TAP include:.;supported;0.9724;6157003f-9982-492a-acfd-0a2ffeba840f;azure/Virtual Network :: Create a virtual network routing appliance > Register for the public preview (AFEC) and get approval > Register your subscription by using Azure Feature Exposure Control (AFEC);2). ⏎  ⏎ The virtual network routing appliance public preview is limited to the following regions: ⏎  ⏎ - West US   ⏎ - East US   ⏎ - East Asia   ⏎ - North Europe   ⏎ - West Europe   ⏎ - East US 2   ⏎ - West Central US   ⏎ - UK South [AZURE > Virtual Network > Create a virtual network routing appliance > Register for the public preview (AFEC) and get approval > Register your subscription by using Azure Feature Exposure Control (AFEC)] AFEC controls preview access to the virtual network routing appliance. The AFEC feature name for enabling the virtual network routing appliance preview is:   ⏎ - Microsoft.network/AllowVirtualNetworkAppliance ⏎  ⏎ Register for the preview by activating the AFEC flag in the Azure portal.;;
45;supported;denso | mistral-7b-instruct;q166;Compare Azure App Service and Azure Blob Storage in terms of capabilities and pricing;Azure App Service Pricing: [Azure App Services Pricing](https://azure.microsoft.com/services/app-service/pricing/).;supported;0.8662;5c9fc14f-88f6-47dd-a2ba-68cb7bbb16da;azure/Blob Storage :: Scalability and performance targets for premium page blob storage accounts;[AZURE > Blob Storage > Scalability and performance targets for premium page blob storage accounts] [!INCLUDE [storage-scalability-intro-include](../../../includes/storage-scalability-intro-include.md)] ⏎  ⏎ The service-level agreement (SLA) for Azure Storage accounts is available at [SLA for Storage Accounts](https://azure.microsoft.com/support/legal/sla/storage/v1_5/).;;
46;supported;lexico | mistral-7b-instruct;q076;How to configure auto-scaling in AWS EC2?;The IAM policy associated with the IAM user or role using the scripts needs to have permissions to call the EC2 action [https://docs.aws.amazon.com/AWSEC2/latest/APIReference/ApiReference-query-DescribeTags.html](https://docs.aws.amazon.com/AWSEC2/latest/APIReference/ApiReference-query-DescribeTags.html).;supported;0.9316;185a81f8-cc6a-41bb-86e1-e1b9672d117a;"aws/EC2 :: Configure instance metadata options for new instances<a name="configuring-IMDS-new-instances"></a> > Turn off access to instance metadata<a name="configure-IMDS-new-instances--turn-off-instance-metadata"></a> > [ AWS CLI ]";"Configure Instance Details** page: ⏎   + Under **Advanced Details**, for **Metadata accessible**, select **Disabled**\. ⏎  ⏎ For more information, see [Step 3: Configure Instance Details](launching-instance.md#configure_instance_details_step)\. ⏎  ⏎ ------ [AWS > EC2 > Configure instance metadata options for new instances<a name="configuring-IMDS-new-instances"></a> > Turn off access to instance metadata<a name="configure-IMDS-new-instances--turn-off-instance-metadata"></a> > [ AWS CLI ]] **To turn off access to instance metadata**   ⏎ Launch the instance with `--metadata-options` set to `HttpEndpoint=disabled`\. ⏎  ⏎  ⏎ [CODE_BLOCK_4] ⏎  ⏎  ⏎ ------ ⏎  ⏎ To specify the metadata options for an instance using AWS CloudFormation, see the [AWS::EC2::LaunchTemplate MetadataOptions](https://docs.aws.amazon.com/AWSCloudFormation/latest/UserGuide/aws-properties-ec2-launchtemplate-launchtemplatedata-metadataoptions.html) property in the *AWS CloudFormation User Guide*\.  ⏎  ⏎ ------";;
47;supported;lexico | qwen3.5-9b;q198;How does the concept of availability zones differ across AWS, Azure, and GCP?;**AWS Availability Zone Information (from context):** ⏎  ⏎ | Aspect | AWS Details | Source | ⏎ |--------|-------------|--------| ⏎ | **AZ Structure** | Regions provide multiple physically separated and isolated Availability Zones, connected through low-latency, high-throughput, and highly redundant networking |  | ⏎ | **AZ Naming** | AZ names differ across accounts (e.g., [CODE] for your account might not have the same location as [CODE] for another account) |  | ⏎ | **AZ Identification** | Use Availability Zone ID (AZ ID) like [CODE] which is unique and consistent across all AWS accounts |  | ⏎ | **AZ Visibility** | View AZ IDs via AWS RAM console under **Your AZ ID** panel |  | ⏎ | **Local Zones** | AWS Local Zones are extensions of AWS Regions in geographic proximity to users, completely isolated from other AWS Zones |  | ⏎ | **Task Placement** | ECS task placement strategies can distribute tasks evenly across Availability Zones |  | ⏎  ⏎ **Missing Information:**.;supported;0.8736;efcebc49-c789-428e-b131-6261c50843f3;"aws/EC2 :: Work with shared Dedicated Hosts<a name="dh-sharing"></a> > Share across Availability Zones<a name="dh-sharing-azs"></a>";" them\. Consumers can be individual AWS accounts, or organizational units or an entire organization from AWS Organizations\. ⏎  ⏎ For more information about AWS RAM, see the *[AWS RAM User Guide](https://docs.aws.amazon.com/ram/latest/userguide/)*\. [AWS > EC2 > Work with shared Dedicated Hosts<a name="dh-sharing"></a> > Share across Availability Zones<a name="dh-sharing-azs"></a>] To ensure that resources are distributed across the Availability Zones for a Region, we independently map Availability Zones to names for each account\. This could lead to Availability Zone naming differences across accounts\. For example, the Availability Zone `us-east-1a` for your AWS account might not have the same location as `us-east-1a` for another AWS account\. ⏎  ⏎ To identify the location of your Dedicated Hosts relative to your accounts, you must use the *Availability Zone ID* \(AZ ID\)\. The Availability Zone ID is a unique and consistent identifier for an Availability Zone across all AWS accounts\. For example, `use1-az1` is an Availability Zone ID for the `us-east-1` Region and it is the same location in every AWS account\. ⏎  ⏎ **To view the Availability Zone IDs for the Availability Zones in your account** ⏎  ⏎ 1. Open the AWS RAM console at [https://console\.aws\.amazon\.com/ram](https://console.aws.amazon.com/ram/)\. ⏎  ⏎ 1. The Availability Zone IDs for the current Region are displayed in the **Your AZ ID** panel on the right\-hand side of the screen\.";;
48;supported;denso | qwen3.5-9b;q062;How to deploy a containerized application on AWS RDS?;AWS App2Container containerizes applications for Amazon ECS.;supported;0.9846;7abc92a3-d2d5-4a04-a171-9a78c53b2f63;"aws/ECS :: Amazon ECS developer tools overview<a name="ecs-developer-tools"></a> > Amazon ECS CLI<a name="developer-tools-ecscli"></a>";" see [Getting started with AWS App2Container](https://docs.aws.amazon.com/app2container/latest/UserGuide/start-intro.html)\. ⏎  ⏎ Use App2Container if you have applications that are hosted on premises or on Amazon EC2 instances or both\. [AWS > ECS > Amazon ECS developer tools overview<a name="ecs-developer-tools"></a> > Amazon ECS CLI<a name="developer-tools-ecscli"></a>] The Amazon ECS CLI allows you to run your applications on Amazon ECS and AWS Fargate using the Docker Compose file format\. You can quickly provision resources, push and pull images using [Amazon ECR](https://docs.aws.amazon.com/ecr), and monitor running applications on Amazon ECS or AWS Fargate\. You can also test containers running locally along with containers in the cloud within the CLI\. ⏎  ⏎ For more information, see [Using the Amazon ECS command line interface](ECS_CLI.md)\. ⏎  ⏎ Use the ECS CLI if you have a Compose application and want to deploy it to Amazon ECS, or test local containers with containers running in Amazon ECS in the cloud\.";;
49;supported;lexico | qwen3.5-9b;q142;What are the differences between AWS RDS and AWS VPC?;"VPC Migration: "You can move your EC2-Classic DB instance to a VPC in the same Region, in the same account.".";supported;0.9784;acecb6e9-a855-4cae-b046-3ffbf7a5f5a4;"aws/EC2 :: Migrate from EC2\-Classic to a VPC<a name="vpc-migrate"></a> > Migrate your resources to a VPC<a name="full-migrate"></a> > Amazon RDS DB instances<a name="vpc-migrate-rds"></a>";" **Launch** to specify a key pair and launch your instance\. ⏎  ⏎ ------ ⏎  ⏎ For more information about the parameters that you can configure in each step of the wizard, see [Launch an instance using the old launch instance wizard](launching-instance.md)\. [AWS > EC2 > Migrate from EC2\-Classic to a VPC<a name="vpc-migrate"></a> > Migrate your resources to a VPC<a name="full-migrate"></a> > Amazon RDS DB instances<a name="vpc-migrate-rds"></a>] You can move your EC2\-Classic DB instance to a VPC in the same Region, in the same account\. For more information, see [Updating the VPC for a DB Instance](https://docs.aws.amazon.com/AmazonRDS/latest/UserGuide/USER_VPC.html#USER_VPC.VPC2VPC) in the *Amazon RDS User Guide*\.";;
50;supported;denso | gemma4-e4b;q107;How to set up logging and monitoring for Google Cloud BigQuery?;Logs Covered: Scheduler and Controller Manager logs ..;supported;0.975;19279759-fb82-47ac-a4dd-c682e88703ad;gcp/GKE :: Compare features in Autopilot and Standard clustersStay organized with collectionsSave and categorize content based on your preferences. > Feature comparison of Autopilot and Standard clusters;Logging and monitoringPre-configured:System-level logsWorkload-level logsSystem-level monitoringGoogle Cloud Managed Service for PrometheusOptional:Control plane metricsControl plane logsDefault:System-level logsWorkload-level logsSystem-level monitoringGoogle Cloud Managed Service for PrometheusOptional:Control [GCP > GKE > Compare features in Autopilot and Standard clustersStay organized with collectionsSave and categorize content based on your preferences. > Feature comparison of Autopilot and Standard clusters]  plane metricsControl plane logsAdd-onsPre-configured:HTTP load balancingCompute Engine persistent disk CSI DriverFilestore CSI DriverCloud Storage FUSE CSI DriverNodeLocal DNSCacheImage streamingOptional:Managed Cloud Service Mesh, which ⏎         also provides Istio mesh capabilities.Default:Compute Engine persistent disk CSI DriverFilestore CSI DriverOptional:Ciliumnetwork policyCloud Storage FUSE CSI DriverNodeLocal DNSCacheHTTP load balancingCloud RunCloud TPUConfig ConnectorManaged Cloud Service MeshKalmUsage meteringImage streaming;;