idx;stratum;config;query_id;question;claim;nli_label;nli_score;pre_clasificacion;best_chunk_id;best_chunk_source;best_chunk_text;juicio_humano;comentario
1;contradicted;hibrido | granite4.1-8b;q085;How to configure networking for Azure Virtual Network?;Stop the Virtual Machine (if running): Choose myVM from the list..;contradicted;0.9942;genuine;4b60227a-3c6d-4fc2-a861-fc1f041ef31b;azure/Virtual Network :: Quickstart: Create an Azure Virtual Network > Create virtual machines;    | Tier | Select **Developer**. | ⏎     | **Configure virtual networks** |  | ⏎     | Virtual network | Select **vnet-1**. | ⏎  ⏎ 1. Select **Review + create**. ⏎  ⏎ 1. Select **Create**. [AZURE > Virtual Network > Quickstart: Create an Azure Virtual Network > Create virtual machines] The following procedure creates two VMs named **vm-1** and **vm-2** in the virtual network: ⏎  ⏎ 1. In the portal, search for and select **Virtual machines**. ⏎  ⏎ 1. In **Virtual machines**, select **+ Create**, and then select **Azure virtual machine**. ⏎  ⏎ 1. On the **Basics** tab of **Create a virtual machine**, enter or select the following information: ⏎  ⏎     | Setting | Value | ⏎     |---|---| ⏎     | **Project details** |  | ⏎     | Subscription | Select your subscription. | ⏎     | Resource group | Select **test-rg**. | ⏎     | **Instance details** |  | ⏎     | Virtual machine name | Enter **vm-1**. | ⏎     | Region | Select **East US 2**. | ⏎     | Availability options | Select **No infrastructure redundancy required**. | ⏎     | Security type | Leave the default of **Standard**. | ⏎     | Image | Select **Ubuntu Server 22.04 LTS - x64 Gen2**. | ⏎     | VM architecture | Leave the default of **x64**. | ⏎     | Size | Select a size. | ⏎     | **Administrator account** |  | ⏎     | Authentication type | Select **SSH public key**. | ⏎     | Username | Enter **azureuser**. | ⏎     | SSH public key source | Select **Generate new key pair**. | ⏎     | Key pair name | Enter **vm-1-key**. | ⏎     | **Inbound port rules** |  | ⏎     | Public inbound ports | Select **None**. | ⏎  ⏎ 1. Select the **Networking** tab. Enter or select the following information: ⏎  ⏎     | Setting | Value | ⏎     |---|---| ⏎     | **Network interface** |  | ⏎     | Virtual network | Select **vnet-1**. | ⏎     | Subnet | Select **subnet-1 (10.0.0.0/24)**. | ⏎     | Public IP | Select **None**. | ⏎     | NIC network security group | Select **Advanced**. | ⏎     | Configure network security group | Select **Create new**. </br> Enter **nsg-1** for the name. </br> Leave the rest at the defaults and select **OK**. | ⏎  ⏎ 1. Leave the rest of the settings at the defaults and select **Review + create**. ⏎  ⏎ 1. Review the settings and select **Create**. ⏎  ⏎ 1. Wait for the first virtual;;
2;contradicted;hibrido | granite4.1-8b;q085;How to configure networking for Azure Virtual Network?;Delete Public IP Addresses and Virtual Machine: In the search box at the top of the portal, enter Resource group..;contradicted;0.9949;genuine;4b60227a-3c6d-4fc2-a861-fc1f041ef31b;azure/Virtual Network :: Quickstart: Create an Azure Virtual Network > Create virtual machines;    | Tier | Select **Developer**. | ⏎     | **Configure virtual networks** |  | ⏎     | Virtual network | Select **vnet-1**. | ⏎  ⏎ 1. Select **Review + create**. ⏎  ⏎ 1. Select **Create**. [AZURE > Virtual Network > Quickstart: Create an Azure Virtual Network > Create virtual machines] The following procedure creates two VMs named **vm-1** and **vm-2** in the virtual network: ⏎  ⏎ 1. In the portal, search for and select **Virtual machines**. ⏎  ⏎ 1. In **Virtual machines**, select **+ Create**, and then select **Azure virtual machine**. ⏎  ⏎ 1. On the **Basics** tab of **Create a virtual machine**, enter or select the following information: ⏎  ⏎     | Setting | Value | ⏎     |---|---| ⏎     | **Project details** |  | ⏎     | Subscription | Select your subscription. | ⏎     | Resource group | Select **test-rg**. | ⏎     | **Instance details** |  | ⏎     | Virtual machine name | Enter **vm-1**. | ⏎     | Region | Select **East US 2**. | ⏎     | Availability options | Select **No infrastructure redundancy required**. | ⏎     | Security type | Leave the default of **Standard**. | ⏎     | Image | Select **Ubuntu Server 22.04 LTS - x64 Gen2**. | ⏎     | VM architecture | Leave the default of **x64**. | ⏎     | Size | Select a size. | ⏎     | **Administrator account** |  | ⏎     | Authentication type | Select **SSH public key**. | ⏎     | Username | Enter **azureuser**. | ⏎     | SSH public key source | Select **Generate new key pair**. | ⏎     | Key pair name | Enter **vm-1-key**. | ⏎     | **Inbound port rules** |  | ⏎     | Public inbound ports | Select **None**. | ⏎  ⏎ 1. Select the **Networking** tab. Enter or select the following information: ⏎  ⏎     | Setting | Value | ⏎     |---|---| ⏎     | **Network interface** |  | ⏎     | Virtual network | Select **vnet-1**. | ⏎     | Subnet | Select **subnet-1 (10.0.0.0/24)**. | ⏎     | Public IP | Select **None**. | ⏎     | NIC network security group | Select **Advanced**. | ⏎     | Configure network security group | Select **Create new**. </br> Enter **nsg-1** for the name. </br> Leave the rest at the defaults and select **OK**. | ⏎  ⏎ 1. Leave the rest of the settings at the defaults and select **Review + create**. ⏎  ⏎ 1. Review the settings and select **Create**. ⏎  ⏎ 1. Wait for the first virtual;;
3;contradicted;hibrido | granite4.1-8b;q085;How to configure networking for Azure Virtual Network?;Configure Access Restrictions: Under the Settings section, click on the Networking link..;contradicted;0.9932;genuine;c5ef785b-e9d0-4b81-97ae-35a73e86d92a;azure/Virtual Network :: Tutorial: Configure both routing preference options for a virtual machine using the Azure portal > Clean up resources; **Settings**. ⏎  ⏎ 5. In **Networking** of **myVM**, select **Attach network interface**. ⏎  ⏎ 6. In **Attach network interface**, select **myVMNic2** in the pull-down box. ⏎  ⏎ 7. Select **OK**. [AZURE > Virtual Network > Tutorial: Configure both routing preference options for a virtual machine using the Azure portal > Clean up resources] If you're not going to continue to use this application, delete the public IP addresses and virtual machine with the following steps: ⏎  ⏎ 1. In the search box at the top of the portal, enter **Resource group**. ⏎  ⏎ 2. In the search results, select **Resource groups**. ⏎  ⏎ 3. Select **TutorVMMixRoutePref-rg** ⏎  ⏎ 4. Select **Delete resource group**. ⏎  ⏎ 5. Enter **myResourceGroup** for **TYPE THE RESOURCE GROUP NAME** and select **Delete**.;;
4;contradicted;denso | granite4.1-8b;q002;What are the pricing tiers for AWS EC2?;discusses the concept of crossing pricing tiers and applying discounts, but it does not enumerate the actual tier levels or their monetary thresholds.;contradicted;0.9897;genuine;71678cdc-0f41-43c3-9414-926af9d9da5b;"aws/EC2 :: How you are billed<a name="concepts-reserved-instances-application"></a> > Reserved Instance discount pricing tiers<a name="reserved-instances-discounts"></a> > Calculate Reserved Instance pricing discounts<a name="pricing-discounts"></a> > [ New console ]";"year Partial Upfront `t2.small` Reserved Instance, assume the upfront price is $60\.00 and the hourly rate is $0\.007\. This provides a list value of $121\.32\. ⏎  ⏎  ⏎ [CODE_BLOCK_1] ⏎  ⏎  ⏎ ------ [AWS > EC2 > How you are billed<a name="concepts-reserved-instances-application"></a> > Reserved Instance discount pricing tiers<a name="reserved-instances-discounts"></a> > Calculate Reserved Instance pricing discounts<a name="pricing-discounts"></a> > [ New console ]] **To view the fixed price values for Reserved Instances using the Amazon EC2 console** ⏎  ⏎ 1. Open the Amazon EC2 console at [https://console\.aws\.amazon\.com/ec2/](https://console.aws.amazon.com/ec2/)\. ⏎  ⏎ 1. In the navigation pane, choose **Reserved Instances**\. ⏎  ⏎ 1. To display the **Upfront price** column, choose the settings icon \( ![\[Settings icon.\]](http://docs.aws.amazon.com/AWSEC2/latest/UserGuide/images/settings-icon.png) \) in the top\-right corner, toggle on **Upfront price**, and choose **Confirm**\. ⏎  ⏎ ------";;
5;contradicted;denso | granite4.1-8b;q153;Compare AWS EC2 and AWS Lambda in terms of use cases and features;"Pay-per-use model; you are charged based on the number of requests served and the compute time consumed (GB-seconds)..";contradicted;0.992;genuine;db3840fb-bd2c-4742-a899-3f9d6a3ae8ee;"aws/ECS :: Common use cases in Amazon ECS<a name="common_use_cases"></a> > Additional resources<a name="additional-resources"></a>";"ancing Application Load Balancers\. This provides service discovery for a microservice architecture\. ⏎ + [Amazon Elastic Container Service \- Reference Architecture: Service Discovery](https://github.com/awslabs/ecs-refarch-service-discovery/): This Amazon [AWS > ECS > Common use cases in Amazon ECS<a name="common_use_cases"></a> > Additional resources<a name="additional-resources"></a>]  ECS reference architecture provides service discovery to containers using CloudWatch Events, Lambda, and Route 53 private hosted zones\.  ⏎ + [Metrics and traces collection from Amazon ECS using AWS Distro for OpenTelemetry with dynamic service discovery](http://aws.amazon.com/blogs/containers/metrics-and-traces-collection-from-amazon-ecs-using-aws-distro-for-opentelemetry-with-dynamic-service-discovery/): This post demonstrates how to employ a single instance of an ADOT Collector to collect X\-Ray traces and Prometheus metrics from Amazon ECS services that were dynamically discovered using AWS Cloud Map\.";;
6;contradicted;denso | gemma4-e4b;q101;How to migrate an on-premises application to Google Cloud Cloud Run?;Package your application into a standard container image..;contradicted;0.9975;genuine;301fef32-9619-4b24-9234-8cad04085626;gcp/Compute Engine :: Ubuntu Pro FAQStay organized with collectionsSave and categorize content based on your preferences. > Migration FAQs > I plan to migrate Ubuntu Pro instances from AWS or Azure to Compute Engine. What is the recommended toolset or method to do so?;start using a Linux VMguide. When creating the VM, on the public images tab, choose a Ubuntu Pro ⏎ version. ⏎ To migrate an instance running Ubuntu Pro on-premise or on other clouds ⏎ to Google Cloud, seeChoose a migration path. [GCP > Compute Engine > Ubuntu Pro FAQStay organized with collectionsSave and categorize content based on your preferences. > Migration FAQs > I plan to migrate Ubuntu Pro instances from AWS or Azure to Compute Engine. What is the recommended toolset or method to do so?] You can add VM instances, custom images, or disks that are available ⏎ in an existing environment, such as on-premise or on other cloud providers, ⏎ to Compute Engine. ⏎ To migrate an instance running Ubuntu Pro on-premise or on other clouds to ⏎ Google Cloud, seeChoose a migration path.;;
7;contradicted;denso | gemma4-e4b;q055;What are the best practices for Google Cloud Cloud SQL?;"For detailed information, you should refer to the "Cloud SQL best practices" documentation  .";contradicted;0.9816;genuine;9a6ea7c2-9293-4eaf-b9d4-3342fdb33362;gcp/Cloud Functions :: Cloud Functions client librariesStay organized with collectionsSave and categorize content based on your preferences. > Additional resources > PHP; libraries best practicesIssue trackergoogle-cloud-functionson Stack OverflowSource code ⏎  ⏎ The following list contains links to more resources related to the ⏎ client library for Node.js: ⏎ API referenceClient libraries best practicesIssue trackergoogle-cloud-functionson Stack OverflowSource code [GCP > Cloud Functions > Cloud Functions client librariesStay organized with collectionsSave and categorize content based on your preferences. > Additional resources > PHP] The following list contains links to more resources related to the ⏎ client library for PHP: ⏎ API referenceClient libraries best practicesIssue trackergoogle-cloud-functionson Stack OverflowSource code ⏎  ⏎ The following list contains links to more resources related to the ⏎ client library for Python: ⏎ API referenceClient libraries best practicesIssue trackergoogle-cloud-functionson Stack OverflowSource code;;
8;contradicted;hibrido | gemma4-e4b;q085;How to configure networking for Azure Virtual Network?;Start VM Creation: In the portal, search for and select Virtual machines.;contradicted;0.9853;genuine;099dd2c0-879d-4c7a-ba58-20009886b584;azure/Azure Functions :: Tutorial: Establish Azure Functions private site access > Configure access restrictions; to provision and deploy the function app. [AZURE > Azure Functions > Tutorial: Establish Azure Functions private site access > Configure access restrictions] The next step is to configure [access restrictions](../app-service/app-service-ip-restrictions.md) to ensure only resources on the virtual network can invoke the function. ⏎  ⏎ [Private site](functions-networking-options.md#private-endpoints) access is enabled by creating an Azure Virtual Network [service endpoint](../virtual-network/virtual-network-service-endpoints-overview.md) between the function app and the specified virtual network. Access restrictions are implemented via service endpoints. Service endpoints ensure only traffic originating from within the specified virtual network can access the designated resource. In this case, the designated resource is the Azure Function. ⏎  ⏎ 1. Within the function app, select the **Networking** link under the _Settings_ section header. ⏎ 1. The _Networking_ page is the starting point to configure Azure Front Door, the Azure CDN, and also Access Restrictions. ⏎ 1. Select **Configure Access Restrictions** to configure private site access. ⏎ 1. On the _Access Restrictions_ page, you see only the default restriction in place. The default doesn't place any restrictions on access to the function app.  Select **Add rule** to create a private site access restriction configuration. ⏎ 1. In the _Add Access Restriction_ pane, provide a _Name_, _Priority_, and _Description_ for the new rule. ⏎ 1. Select **Virtual Network** from the _Type_ drop-down box, then select the previously created virtual network, and then select the **Tutorial** subnet.  ⏎     > [!NOTE] ⏎     > It may take several minutes to enable the service endpoint. ⏎ 1. The _Access Restrictions_ page now shows that there is a new restriction. It may take a few seconds for the _Endpoint status_ to change from Disabled through Provisioning to Enabled. ⏎  ⏎     >[!IMPORTANT] ⏎     > Each function app has an [Advanced Tool (Kudu) site](../app-service/app-service-ip-restrictions.md#restrict-access-to-an-scm-site) that is used to manage function app deployments. This site is accessed from a URL like: `<FUNCTION_APP_NAME>.scm.azurewebsites.net`. Enabling access restrictions on the Kudu site prevents the deployment of the project code from a local developer workstation, and then an agent is needed within the virtual network to perform the deployment.;;
9;contradicted;hibrido | gemma4-e4b;q138;Compare AWS EC2 and AWS EKS in terms of use cases and features;| The context only mentions EKS in the context of GuardDuty using the instance identity role for [EKS Runtime Monitoring](https://docs.aws.amazon.com/guardduty/latest/ug/guardduty-eks-runtime-monitoring.html) .;contradicted;0.9657;genuine;9cccd2d7-f6ab-41f1-a0f9-eb3bd4a6a540;"aws/EC2 :: Instance identity roles<a name="ec2-instance-identity-roles"></a> > Supported services<a name="iir-supported-services"></a>";" whether a service or feature that makes use of instance identity roles is enabled on the instance\. ⏎  ⏎ Instance identity roles are automatically created when an instance is launched, have no role\-trust policy document, and are not subject to any identity or resource policy\. [AWS > EC2 > Instance identity roles<a name="ec2-instance-identity-roles"></a> > Supported services<a name="iir-supported-services"></a>] The following AWS services use the instance identity role: ⏎ + **Amazon EC2** – [EC2 Instance Connect](Connect-using-EC2-Instance-Connect.md) uses the instance identity role to update an EC2 instance’s host keys\. ⏎ + **Amazon GuardDuty** – [EKS Runtime Monitoring](https://docs.aws.amazon.com/guardduty/latest/ug/guardduty-eks-runtime-monitoring.html) uses the instance identity role to allow the runtime agent to send security telemetry to the GuardDuty VPC endpoint\. ⏎ + **AWS Security Token Service \(AWS STS\)** – Instance identity role credentials can be used with the AWS STS [https://docs.aws.amazon.com/STS/latest/APIReference/API_GetCallerIdentity.html](https://docs.aws.amazon.com/STS/latest/APIReference/API_GetCallerIdentity.html) action\. ⏎ + **AWS Systems Manager** – When using [Default Host Management Configuration](https://docs.aws.amazon.com/systems-manager/latest/userguide/managed-instances-default-host-management.html), AWS Systems Manager uses the identity provided by the instance identity role to register EC2 instances\. After identifying your instance, Systems Manager can pass your `AWSSystemsManagerDefaultEC2InstanceManagementRole` IAM role to your instance\. ⏎  ⏎ Instance identity roles can’t be used with other AWS services or features because they do not have an integration with instance identity roles\.";;
10;contradicted;hibrido | gemma4-e4b;q197;Compare the event-driven architectures: AWS EventBridge vs Azure Event Grid vs Google Eventarc;| Event Hubs: Reads per partition from a single point in the stream, allowing for high-throughput and replay-ability [Source;contradicted;0.9504;genuine;9e33025b-4726-4248-8803-8c07f88f510e;"aws/ECS :: Amazon ECS events<a name="ecs_cwe_events"></a>";"[AWS > ECS > Amazon ECS events<a name="ecs_cwe_events"></a>] Amazon ECS sends the following types of events to EventBridge: container instance state change events, task state change events, service action, and service deployment state change events\. If these resources change, an event is generated\. These events and their possible causes are described in greater detail in the following sections\. ⏎  ⏎ **Note**   ⏎ Amazon ECS may add other event types, sources, and details in the future\. If you are deserializing event JSON data in code, make sure that your application is prepared to handle unknown properties to avoid issues if and when these additional properties are added\. ⏎  ⏎ In some cases, multiple events are generated for the same activity\. For example, when a task is started on a container instance, a task state change event is generated for the new task\. A container instance state change event is generated to account for the change in available resources, such as CPU, memory, and available ports, on the container instance\. Likewise, if a container instance is terminated, events are generated for the container instance, the container agent connection status, and every task that was running on the container instance\. ⏎  ⏎ Container state change and task state change events contain two `version` fields: one in the main body of the event, and one in the `detail` object of the event\. The following describes the differences between these two fields: ⏎ + The `version` field in the main body of the event is set to `0` on all events\. For more information about EventBridge parameters, see [Events and Event Patterns](https://docs.aws.amazon.com/eventbridge/latest/userguide/eventbridge-and-event-patterns.html) in the *Amazon EventBridge User Guide*\. ⏎ + The `version` field in the `detail` object of the event describes the version of the associated resource\. Each time a resource changes state, this version is incremented\. Because events can be sent multiple times, this field allows you to identify duplicate events\. Duplicate events have the same version in the `detail` object\. If you are replicating your Amazon ECS container instance and task state with EventBridge, you can compare the version of a resource reported by the Amazon ECS APIs with the version reported in EventBridge for the resource \(inside the `detail` object\) to verify that the version in your event stream is current\. ⏎  ⏎ Service action events only contain the `version` field in the main body\. ⏎  ⏎ Examples are covered later in this topic\. For additional information about how to integrate Amazon ECS and EventBridge, see [";;
11;contradicted;denso | mistral-7b-instruct;q156;When should you choose Azure AKS over Azure Virtual Network?;You don't need advanced AKS features, such as virtual nodes or Azure Network Policy ..;contradicted;0.9983;genuine;ecb9ec0a-991b-445c-8a31-ab598bb98e13;azure/AKS :: Use kubenet networking with your own IP address ranges in Azure Kubernetes Service (AKS) > Overview of kubenet networking with your own subnet > Choose a network model to use;10.0.0.0/8address range that's advertised over the ExpressRoute connection. We recommend creating your AKS clusters in Azure virtual network subnets outside this address range, such as172.16.0.0/16. [AZURE > AKS > Use kubenet networking with your own IP address ranges in Azure Kubernetes Service (AKS) > Overview of kubenet networking with your own subnet > Choose a network model to use] The following considerations help outline when each network model may be the most appropriate: ⏎ Usekubenetwhen: ⏎ You have limited IP address space.Most of the pod communication is within the cluster.You don't need advanced AKS features, such as virtual nodes or Azure Network Policy. ⏎ UseAzure CNIwhen: ⏎ You have available IP address space.Most of the pod communication is to resources outside of the cluster.You don't want to manage user defined routes for pod connectivity.You need AKS advanced features, such as virtual nodes or Azure Network Policy. ⏎ For more information to help you decide which network model to use, seeCompare network models and their support scope.;;
12;contradicted;lexico | mistral-7b-instruct;q189;How do the Kubernetes managed services handle cluster upgrades in EKS vs AKS vs GKE?;AWS Elastic Kubernetes Service (EKS).;contradicted;0.9992;genuine;09b9a3ab-deb3-42ea-8c1f-2245b47a63ed;azure/AKS :: Quickstart: Create an Azure Kubernetes Service (AKS) Automatic cluster > Create Automatic Kubernetes cluster;000001   Ready    agent   2m26s   v1.28.5 ⏎ aks-nodepool1-13213685-vmss000002   Ready    agent   2m26s   v1.28.5 [AZURE > AKS > Quickstart: Create an Azure Kubernetes Service (AKS) Automatic cluster > Create Automatic Kubernetes cluster] To create an AKS Automatic cluster, search forKubernetes Services, and selectAutomatic Kubernetes clusterfrom the drop-down options.On theBasicstab, fill in all the mandatory fields (Subscription, Resource group, Kubernetes cluster name, and Region) required to get started:On theMonitoringtab, choose your monitoring configurations from Azure Monitor, Managed Prometheus, Grafana Dashboards, Container Network Observability (ACNS) and/or configure alerts. Enable Managed Grafana (optional), add tags (optional), and proceed to create the cluster.On theAdvancedtab, update your networking (optional), managed identity (optional), security and managed namespaces (optional) settings and proceed to create the cluster.Get started with configuring your first application from GitHub and set up an automated deployment pipeline.;;
13;contradicted;denso | mistral-7b-instruct;q024;What is AWS DynamoDB and what are its main features?;High performance: DynamoDB provides single-digit millisecond latency at any scale.;contradicted;0.8122;genuine;e8f7c82f-3b75-4c1e-b093-76ad5c33f241;aws/DynamoDB :: NOTICE;[AWS > DynamoDB > NOTICE] This repository is archived, read-only, and no longer updated. For more information, read [the announcement on the AWS News Blog](https://aws.amazon.com/blogs/aws/retiring-the-aws-documentation-on-github/). ⏎  ⏎ You can find up-to-date AWS technical documentation on the [AWS Documentation website](https://docs.aws.amazon.com/), where you can also submit feedback and suggestions for improvement.;;
14;contradicted;denso | mistral-7b-instruct;q192;Compare identity federation approaches across AWS, Azure, and GCP;In Autopilot clusters, it is always enabled..;contradicted;0.9976;genuine;a0f5141b-f9d4-4ba0-b0c5-60b4122cb46c;gcp/GKE :: Authenticate to Google Cloud APIs from GKE workloadsStay organized with collectionsSave and categorize content based on your preferences. > Troubleshooting; if you plan todisable service account creationordisable service account key creation, ⏎ disabling Workload Identity Federation for GKE prevents the exchange of ServiceAccount tokens ⏎ for IAM service account access tokens. ⏎ For more information, seeDisable workload identity cluster creation. [GCP > GKE > Authenticate to Google Cloud APIs from GKE workloadsStay organized with collectionsSave and categorize content based on your preferences. > Troubleshooting] For troubleshooting information, refer toTroubleshooting Workload Identity Federation for GKE. ⏎  ⏎ Learn more aboutWorkload Identity Federation for GKE.Read theGKE security overview.Learn aboutProtecting Cluster Metadata.Learn aboutIAM service accounts.;;
15;contradicted;hibrido | mistral-7b-instruct;q068;How to set up AWS VPC for a production workload?;On the Inbound rules tab, create the following rules: On the Outbound rules tab, keep the default rule, which allows all outbound traffic.;contradicted;0.9901;genuine;95ddf340-777a-4a23-8f34-0c2c622dcbbe;"aws/EC2 :: Set up to use Amazon EC2<a name="get-set-up-for-amazon-ec2"></a> > Create a security group<a name="create-a-base-security-group"></a> > [ Old console ]";" for a short time in a test environment, but it is unsafe for production environments\. ⏎  ⏎ 1. For **Outbound rules**, keep the default rule, which allows all outbound traffic\. ⏎  ⏎ 1. Choose **Create security group**\. ⏎  ⏎ ------ [AWS > EC2 > Set up to use Amazon EC2<a name="get-set-up-for-amazon-ec2"></a> > Create a security group<a name="create-a-base-security-group"></a> > [ Old console ]] **To create a security group with least privilege** ⏎  ⏎ 1. Open the Amazon EC2 console at [https://console\.aws\.amazon\.com/ec2/](https://console.aws.amazon.com/ec2/)\. ⏎  ⏎ 1. In the left navigation pane, choose **Security Groups**\. ⏎  ⏎ 1. Choose **Create Security Group**\. ⏎  ⏎ 1. Enter a name for the new security group and a description\. Use a name that is easy for you to remember, such as your user name, followed by \_SG\_, plus the Region name\. For example, *me*\_SG\_*uswest2*\. ⏎  ⏎ 1. In the **VPC** list, select your default VPC for the Region\. ⏎  ⏎ 1. On the **Inbound rules** tab, create the following rules \(choose **Add rule** for each new rule\): ⏎    + Choose **HTTP** from the **Type** list, and make sure that **Source** is set to **Anywhere** \(`0.0.0.0/0`\)\. ⏎    + Choose **HTTPS** from the **Type** list, and make sure that **Source** is set to **Anywhere** \(`0.0.0.0/0`\)\. ⏎    + Choose **SSH** from the **Type** list\. In the **Source** box, choose **My IP** to automatically populate the field with the public IPv4 address of your local computer\. Alternatively, choose **Custom** and specify the public IPv4 address of your computer or network in CIDR notation\. To specify an individual IP address in CIDR notation, add the routing suffix `/32`, for example, `203.0.113.25/32`\. If your company allocates addresses from a range, specify the entire range, such as `203.0.113.0/24`\. ⏎ **Warning**   ⏎ For security reasons, do not allow SSH access from all IP addresses to your instance\. This is acceptable for a short time in a test environment, but it is unsafe for production environments\. ⏎  ⏎ 1. On the **Outbound rules** tab, keep the default rule, which allows all outbound traffic\. ⏎  ⏎ 1. Choose **Create security group**\. ⏎  ⏎ ------";;
16;contradicted;hibrido | qwen3.5-9b;q009;What is the SLA for AWS ECS?;None of these sections contain information about the Service Level Agreement (SLA) for AWS ECS.;contradicted;0.9956;genuine;5dfba71d-8f81-41e5-96ce-3b937c5ce22a;"aws/ECS :: Custom log routing<a name="using_firelens"></a> > Considerations<a name="firelens-considerations"></a>";")\. We provide the AWS for Fluent Bit image or you can use your own Fluentd or Fluent Bit image\. ⏎  ⏎ Creating Amazon ECS task definitions with a FireLens configuration is supported using the AWS SDKs, AWS CLI, and AWS Management Console\. [AWS > ECS > Custom log routing<a name="using_firelens"></a> > Considerations<a name="firelens-considerations"></a>] Consider the following when using FireLens for Amazon ECS: ⏎ + FireLens for Amazon ECS is supported for tasks that are hosted on both AWS Fargate on Linux and Amazon EC2 on Linux\. Windows containers don't support FireLens\. ⏎  ⏎   For information about how to configure centralized logging for Windows containers, see [Centralized logging for Windows containers on Amazon ECS using Fluent Bit](http://aws.amazon.com/blogs/containers/centralized-logging-for-windows-containers-on-amazon-ecs-using-fluent-bit/)\. ⏎ + FireLens for Amazon ECS is supported in AWS CloudFormation templates\. For more information, see [AWS::ECS::TaskDefinition FirelensConfiguration](https://docs.aws.amazon.com/AWSCloudFormation/latest/UserGuide/aws-properties-ecs-taskdefinition-firelensconfiguration.html) in the *AWS CloudFormation User Guide* ⏎ + FireLens listens on port `24224`, so to ensure that the FireLens log router isn't reachable outside of the task, you must not allow inbound traffic on port `24224` in the security group your task uses\. For tasks that use the `awsvpc` network mode, this is the security group associated with the task\. For tasks using the `host` network mode, this is the security group that's associated with the Amazon EC2 instance hosting the task\. For tasks that use the `bridge` network mode, don't create any port mappings that use port `24224`\. ⏎ + For tasks that use the `bridge` network mode, the container with the FireLens configuration must start before any application containers that rely on it start\. To control the start order of your containers, use dependency conditions in your task definition\. For more information, see [Container dependency](task_definition_parameters.md#container_definition_dependson)\. ⏎ **Note**   ⏎ If you use dependency condition parameters in container definitions with a FireLens configuration, ensure that each container has a `START` or `HEALTHY` condition requirement\. ⏎ + By default, FireLens adds the cluster and task definition name and the Amazon Resource Name \(ARN\) of the cluster as metadata keys to your stdout/stderr container logs\. The following is an example of the metadata format\. ⏎  ⏎    ⏎ [CODE_BLOCK_0] ⏎  ⏎  ⏎   If you do not want the metadata in your logs, set `enable-ecs-log-metadata` to `false` in the `firelensConfiguration` section of the task definition\. ⏎  ⏎    ⏎ [CODE_BLOCK_1]";;
17;contradicted;hibrido | qwen3.5-9b;q155;What are the trade-offs between Azure Container Instances and Azure Virtual Network?;IPv6 Support: Azure Container Instances don't support IPv6 communication for containers.;contradicted;0.9969;genuine;d1289fdd-69da-41e4-a478-3dcd10a07a50;azure/Virtual Network :: Add, change, or delete a virtual network subnet;[AZURE > Virtual Network > Add, change, or delete a virtual network subnet] Azure virtual network subnets are essential containers where all Azure resources are deployed within a virtual network. This comprehensive guide explains how to add, change, or delete virtual network subnets using the Azure portal, Azure CLI, or Azure PowerShell, helping you effectively manage your network infrastructure.;;
18;contradicted;lexico | qwen3.5-9b;q172;What are the differences between AWS VPC and Azure Virtual Network?;Direct feature comparisons between AWS VPC and Azure Virtual Network.;contradicted;0.9911;genuine;5e2b43d1-9284-4eb4-ab6c-a698b8588de2;azure/Virtual Network :: Custom IP address prefix (BYOIP) > Limitations;IMPORTANT] ⏎ > There are several differences between how custom IPv4 and IPv6 prefixes are onboarded and utilized. For more information, see [Differences between using BYOIPv4 and BYOIPv6](create-custom-ip-address-prefix-ipv6 [AZURE > Virtual Network > Custom IP address prefix (BYOIP) > Limitations] -powershell.md#differences-between-using-byoipv4-and-byoipv6).;;
19;contradicted;hibrido | qwen3.5-9b;q062;How to deploy a containerized application on AWS RDS?;None of the provided documentation contains information about AWS RDS (Relational Database Service) or how to deploy containerized applications with RDS.;contradicted;0.9993;genuine;c30f2d86-19d9-439a-b713-c1469eba5434;"aws/ECS :: Application architecture<a name="application_architecture"></a>";"[AWS > ECS > Application architecture<a name="application_architecture"></a>] You can follow one of the two following models to run your containers: ⏎ + Fargate launch type \- This is a serverless pay\-as\-you\-go option\. You can run containers without having to manage your infrastructure\. ⏎ + EC2 launch type \- Configure and deploy EC2 instances in your cluster to run your containers\. ⏎  ⏎ How you architect your application on Amazon ECS depends on several factors, with the launch type that you're using being a key differentiator\. We give the following guidance, broken down by launch type, which should assist in the process\.";;
20;contradicted;hibrido | qwen3.5-9b;q065;How to set up AWS RDS for a production workload?;The tutorial documentation is designed for learning purposes only and explicitly states that production environments require different configurations to meet specific needs.;contradicted;0.9675;genuine;77d5d1f2-92fd-459d-9a7b-78ccd4b14f00;"aws/EC2 :: Task 2: Create an RDS database and automatically connect it to your EC2 instance<a name="option2-task2-create-rds-database"></a> > Steps to create an RDS database<a name="option2-task2-create-rds-database-steps"></a>";"The objective of this task is to create an RDS database and use the automatic connection feature in the RDS console to automatically configure the connection between your EC2 instance and your RDS database\. [AWS > EC2 > Task 2: Create an RDS database and automatically connect it to your EC2 instance<a name="option2-task2-create-rds-database"></a> > Steps to create an RDS database<a name="option2-task2-create-rds-database-steps"></a>] Use the following steps to create an RDS database and connect it to your EC2 instance using the automatic feature in the RDS console\. ⏎  ⏎ To view an animation of these steps, see [View an animation: Create an RDS database and automatically connect it to an EC2 instance](#task2-create-rds-database-animation)\. ⏎  ⏎ **DB instance configuration** ⏎  ⏎ The steps in this task configure the DB instance as follows: ⏎ + Engine type: MySQL ⏎ + Template: Free tier ⏎ + DB instance identifier: **tutorial\-database** ⏎ + DB instance class: `db.t3.micro` ⏎  ⏎ **Important**   ⏎ In a production environment, you should configure your instance to meet your specific needs\. ⏎  ⏎ **To create an RDS database and automatically connect it to an EC2 instance** ⏎  ⏎ 1. Open the Amazon RDS console at [https://console\.aws\.amazon\.com/rds/](https://console.aws.amazon.com/rds/)\. ⏎  ⏎ 1. From the Region selector \(at top right\), choose the AWS Region in which you created the EC2 instance\. The EC2 instance and the RDS database must be in the same Region\. ⏎  ⏎ 1. On the dashboard, choose **Create database**\. ⏎  ⏎ 1. Under **Choose a database creation method**, check that **Standard create** is selected\. If you choose **Easy create**, the automatic connection feature is not available\. ⏎  ⏎ 1. Under **Engine options**, for **Engine type**, choose **MySQL**\. ⏎  ⏎ 1. Under **Templates**, choose a sample template to meet your needs\. For this tutorial, choose **Free tier** to create an RDS database at no cost\. However, note that the free tier is only available if your account is less than 12 months old\. Other restrictions apply\. You can read more by choosing the **Info** link in the **Free tier** box\. ⏎  ⏎ 1. Under **Settings**, do the following: ⏎  ⏎    1. For **DB instance identifier**, enter a name for the database\. For this tutorial, enter **tutorial\-database**\. ⏎  ⏎    1. For **Master username**, leave the default name, which is **admin**\. ⏎  ⏎    1. For **Master password**, enter a password that you can remember for this tutorial, and then, for **Confirm password**, enter the password again\. ⏎  ⏎ 1. Under **Instance configuration**, for **DB instance class**, leave the default, which is **db\.t3\.micro**\.";;
21;unsupported;hibrido | granite4.1-8b;q171;Compare the serverless compute offerings between AWS Lambda and Azure Functions;Flex Consumption plan enhancements: Per-function scaling for more efficient resource allocation..;unsupported;0.3118;genuine;17fcb1c3-8b1a-423f-bccb-ad3e2e41c1b3;azure/Azure Functions :: Use AI tools and models in Azure Functions;[AZURE > Azure Functions > Use AI tools and models in Azure Functions] Azure Functions provides serverless compute resources that integrate with AI and Azure services to streamline building cloud-hosted intelligent applications. This article provides a survey of the breadth of AI-related scenarios, integrations, and other AI resources that you can use in your function apps.  ⏎  ⏎ Consider using Azure Functions in your AI-enabled experiences for these scenarios: ⏎  ⏎  ⏎ [TABLE_0] ⏎   ⏎ Select one of these scenarios to learn more in this article.  ⏎  ⏎ This article is language-specific, so make sure you choose your programming language at the [top of the page](#top).;;
22;unsupported;denso | granite4.1-8b;q028;What instance types are available in AWS S3?;The document focuses exclusively on Amazon EC2 (Elastic Compute Cloud) instance types, categorizing them into current and previous generation instances across various families such as General Purpose, Compute Optimized, Memory Optimized, Storage Optimized, Accelerated Computing, etc.;unsupported;0.0129;genuine;8e0bf9dd-6ccb-4c71-aaa6-58459e539315;"aws/EC2 :: Instance types<a name="instance-types"></a> > Available instance types<a name="AvailableInstanceTypes"></a> > Current generation instances<a name="current-gen-instances"></a> > Memory optimized<a name="current-mo"></a>";"[AWS > EC2 > Instance types<a name="instance-types"></a> > Available instance types<a name="AvailableInstanceTypes"></a> > Current generation instances<a name="current-gen-instances"></a> > Memory optimized<a name="current-mo"></a>] | Type | Sizes |  ⏎ | --- | --- |  ⏎ | CR1 | cr1\.8xlarge |  ⏎ | Hpc6id | hpc6id\.32xlarge |  ⏎ | R4 | r4\.large \| r4\.xlarge \| r4\.2xlarge \| r4\.4xlarge \| r4\.8xlarge \| r4\.16xlarge |  ⏎ | R5 | r5\.large \| r5\.xlarge \| r5\.2xlarge \| r5\.4xlarge \| r5\.8xlarge \| r5\.12xlarge \| r5\.16xlarge \| r5\.24xlarge \| r5\.metal |  ⏎ | R5a | r5a\.large \| r5a\.xlarge \| r5a\.2xlarge \| r5a\.4xlarge \| r5a\.8xlarge \| r5a\.12xlarge \| r5a\.16xlarge \| r5a\.24xlarge |  ⏎ | R5ad | r5ad\.large \| r5ad\.xlarge \| r5ad\.2xlarge \| r5ad\.4xlarge \| r5ad\.8xlarge \| r5ad\.12xlarge \| r5ad\.16xlarge \| r5ad\.24xlarge |  ⏎ | R5b | r5b\.large \| r5b\.xlarge \| r5b\.2xlarge \| r5b\.4xlarge \| r5b\.8xlarge \| r5b\.12xlarge \| r5b\.16xlarge \| r5b\.24xlarge \| r5b\.metal |  ⏎ | R5d | r5d\.large \| r5d\.xlarge \| r5d\.2xlarge \| r5d\.4xlarge \| r5d\.8xlarge \| r5d\.12xlarge \| r5d\.16xlarge \| r5d\.24xlarge \| r5d\.metal |  ⏎ | R5dn | r5dn\.large \| r5dn\.xlarge \| r5dn\.2xlarge \| r5dn\.4xlarge \| r5dn\.8xlarge \| r5dn\.12xlarge \| r5dn\.16xlarge \| r5dn\.24xlarge \| r5dn\.metal |  ⏎ | R5n | r5n\.large \| r5n\.xlarge \| r5n\.2xlarge \| r5n\.4xlarge \| r5n\.8xlarge \| r5n\.12xlarge \| r5n\.16xlarge \| r5n\.24xlarge \| r5n\.metal |  ⏎ | R6a | r6a\.large \| r6a\.xlarge \| r6a\.2xlarge \| r6a\.4xlarge \| r6a\.8xlarge \| r6a\.12xlarge \| r6a\.16xlarge \| r6a\.24xlarge \| r6a\.32xlarge \| r6a\.48xlarge \| r6a\.metal |  ⏎ | R6g | r6g\.medium \| r6g\.large \| r6g\.xlarge \| r6g\.2xlarge \| r6g\.4xlarge \| r6g\.8xlarge \| r6g\.12xlarge \| r6g\.16xlarge \| r6g\.metal |  ⏎ | R6gd | r6gd\.medium \| r6gd\.large \| r6gd\.xlarge \| r6gd\.2xlarge \| r6gd\.4xlarge \| r6gd\.8xlarge \| r6gd\.12xlarge \| r6gd\.16xlarge \| r6gd\.metal |  ⏎ | R6i | r6i\.large \| r6i\.xlarge \| r6i\.2xlarge \| r6i\.4xlarge \| r6i\.8xlarge \| r6i\.12xlarge \| r6i\.16xlarge \| r6i\.24xlarge \| r6i\.32xlarge \| r6i\.metal |  ⏎ | R6idn | r6idn\.large \| r6idn\.xlarge \| r6idn\.2xlarge \| r6idn\.4xlarge \| r6idn\.8xlarge \| r6idn\.12xlarge \| r6idn\.16xlarge \| r6idn\.24xlarge \| r6idn\.32xlarge \| r6idn\.metal |  ⏎ | R6in | r6in\.large \| r6in\.xlarge \| r6in\.2xlarge \| r6in\.4xlarge \| r6in\.8xlarge \| r6in\.12xlarge \| r6in\.16xlarge \| r6in\.24xlarge \| r6in\.32xlarge \| r6in\.metal |  ⏎ | R6id | r6id\.large \| r6id\.xlarge \| r6id\.2xlarge \| r6id\.4xlarge \| r6id\.8xlarge \| r6id\.12xlarge \| r6id\.16xlarge \| r6id\.24xlarge \| r6id\.32xlarge \| r6id\.metal |  ⏎ | R7g | r7g\.medium \| r7g\.large \| r7g\.xlarge \| r7g\.2xlarge \| r7g\.4xlarge \| r7g\.8xlarge \| r7g\.12xlarge \| r7g\.16xlarge \| r7g\.metal |  ⏎ | U\-3tb1 | u\-3tb1\.56xlarge |  ⏎ | U\-6tb1 | u\-6tb1\.56xlarge \| u\-6tb1\.112xlarge \| u\-6tb1\.metal |  ⏎ | U\-9tb1 | u\-9tb1\.112xlarge \| u\-9tb1\.metal |  ⏎ | U\-12tb1 | u\-12tb1\.112xlarge \| u\-12tb1\.metal |  ⏎ | U\-18tb1 | u\-18tb1\.metal |  ⏎ | U\-24tb1 | u\-24tb1\.metal |  ⏎ | X1 | x1\.16xlarge \| x1\.32xlarge |  ⏎ | X2gd | x2gd\.medium \| x2gd\.large \| x2gd\.xlarge \| x2gd\.2xlarge \| x2gd\.4xlarge \| x2gd\.8xlarge \| x2gd\.12xlarge \| x2gd\.16xlarge \| x2gd\.metal |  ⏎ | X2idn | x2idn\.16xlarge \| x2idn\.24xlarge \| x2idn\.32xlarge \| x2idn\.metal |  ⏎ | X2iedn | x2iedn\.xlarge \| x2iedn\.2xlarge \| x2iedn\.4xlarge \| x2iedn\.8xlarge \| x2iedn\.16xlarge \| x2iedn\.24xlarge \| x2iedn\.32xlarge \| x2iedn\.metal |  ⏎ | X2iezn | x2iezn\.2xlarge \| x2iezn\.4xlarge \| x2iezn\.6xlarge \| x2iezn\.8xlarge \| x2iezn\.12xlarge \| x2iezn\.metal |  ⏎ | X1e | x1e\.xlarge \| x1e\.2xlarge \| x1e\.4xlarge \| x1e\.8xlarge \| x1e\.16xlarge \| x1e\.32xlarge |  ⏎ | z1d | z1d\.large \| z1d\.xlarge \| z1d\.2xlarge \| z1d\.3xlarge \| z1d\.6xlarge \| z1d\.12xlarge \| z1d\.metal |";;
23;unsupported;lexico | granite4.1-8b;q019;What are the limits and quotas for AWS EC2?;Target capacity per fleet: up to 10,000 instances..;unsupported;0.0055;genuine;b30b1f34-e36c-4fa2-a634-9ca10e113981;"aws/EC2 :: Fleet quotas<a name="fleet-quotas"></a>";"[AWS > EC2 > Fleet quotas<a name="fleet-quotas"></a>] The usual Amazon EC2 quotas \(formerly referred to as limits\) apply to instances launched by an EC2 Fleet or a Spot Fleet, such as [Spot Instance limits](using-spot-limits.md) and [volume limits](volume_limits.md)\. ⏎  ⏎ In addition, the following quotas apply: ⏎  ⏎  ⏎ ****   ⏎  ⏎ | Quota description | Quota |  ⏎ | --- | --- |  ⏎ | The number of EC2 Fleets and Spot Fleets per Region in the active, deleted\_running, and cancelled\_running states | 1,000 ¹ ² ³ ⁴ |  ⏎ | The number of Spot capacity pools \(unique combination of instance type and subnet\) | 300 ¹ ⁴ |  ⏎ | The size of the user data in a launch specification | 16 KB ² |  ⏎ | The target capacity per EC2 Fleet or Spot Fleet | 10,000 |  ⏎ | The target capacity across all EC2 Fleets and Spot Fleets in a Region | 100,000 ¹ |  ⏎ |  An EC2 Fleet request or a Spot Fleet request can't span Regions\.  |  |  ⏎ | An EC2 Fleet request or a Spot Fleet request can't span different subnets from the same Availability Zone\. |  |  ⏎  ⏎ ¹ These quotas apply to both your EC2 Fleets and your Spot Fleets\. ⏎  ⏎ ² These are hard quotas\. You cannot request an increase for these quotas\. ⏎  ⏎ ³ After you delete an EC2 Fleet or cancel a Spot Fleet request, and if you specified that the fleet should *not* terminate its Spot Instances when you deleted or canceled the request, the fleet request enters the `deleted_running` \(EC2 Fleet\) or `cancelled_running` \(Spot Fleet\) state and the instances continue to run until they are interrupted or you terminate them manually\. If you terminate the instances, the fleet request enters the `deleted_terminating` \(EC2 Fleet\) or `cancelled_terminating` \( Spot Fleet\) state and does not count towards this quota\. For more information, see [Delete an EC2 Fleet](manage-ec2-fleet.md#delete-fleet) and [Cancel a Spot Fleet request](work-with-spot-fleets.md#cancel-spot-fleet)\. ⏎  ⏎ ⁴ This quota only applies to fleets of type `request` or `maintain`\. This quota does not apply to `instant` fleets\.";;
24;unsupported;denso | granite4.1-8b;q132;What are the differences between AWS Lambda and AWS EC2?;AWS Lambda offers a fully managed, event-driven compute service with automatic scaling and pay-per-use pricing, ideal for flexible, scalable applications..;unsupported;0.5769;genuine;9133b7e6-489e-476e-803a-66829b3575e0;"aws/EC2 :: What is Amazon EC2?<a name="concepts"></a> > Features of Amazon EC2<a name="ec2-features"></a>";" scale up or down to handle changes in requirements or spikes in popularity, reducing your need to forecast traffic\. ⏎  ⏎ For more information about cloud computing, see [What is cloud computing?](https://aws.amazon.com/what-is-cloud-computing/) [AWS > EC2 > What is Amazon EC2?<a name="concepts"></a> > Features of Amazon EC2<a name="ec2-features"></a>] Amazon EC2 provides the following features: ⏎ + Virtual computing environments, known as *instances* ⏎ + Preconfigured templates for your instances, known as *Amazon Machine Images \(AMIs\)*, that package the bits you need for your server \(including the operating system and additional software\) ⏎ + Various configurations of CPU, memory, storage, and networking capacity for your instances, known as *instance types* ⏎ + Secure login information for your instances using *key pairs* \(AWS stores the public key, and you store the private key in a secure place\) ⏎ + Storage volumes for temporary data that's deleted when you stop, hibernate, or terminate your instance, known as *instance store volumes* ⏎ + Persistent storage volumes for your data using Amazon Elastic Block Store \(Amazon EBS\), known as *Amazon EBS volumes* ⏎ + Multiple physical locations for your resources, such as instances and Amazon EBS volumes, known as *Regions* and *Availability Zones* ⏎ + A firewall that enables you to specify the protocols, ports, and source IP ranges that can reach your instances using *security groups* ⏎ + Static IPv4 addresses for dynamic cloud computing, known as *Elastic IP addresses* ⏎ + Metadata, known as *tags*, that you can create and assign to your Amazon EC2 resources ⏎ + Virtual networks you can create that are logically isolated from the rest of the AWS Cloud, and that you can optionally connect to your own network, known as *virtual private clouds* \(VPCs\) ⏎  ⏎ For more information about the features of Amazon EC2, see the [Amazon EC2 product page](https://aws.amazon.com/ec2)\. ⏎  ⏎ For more information about running your website on AWS, see [Web Hosting](https://aws.amazon.com/websites/)\.";;
25;unsupported;lexico | granite4.1-8b;q108;How to set up logging and monitoring for Google Cloud Cloud Build?;Use the provided URL or search for [CODE] to view specific build logs..;unsupported;0.3942;genuine;1cc20239-484a-44d9-aac1-4be68099c5ad;gcp/GKE :: GKE overviewStay organized with collectionsSave and categorize content based on your preferences. > When to use GKE > Benefits of GKE;infrastructure that runs your containerized apps, such as networking, scaling, ⏎ hardware, and security. GKE provides the operational power of ⏎ Kubernetes while managing many of the underlying components, such as the ⏎ control plane and nodes, for you. [GCP > GKE > GKE overviewStay organized with collectionsSave and categorize content based on your preferences. > When to use GKE > Benefits of GKE] The following table describes some of the benefits of using GKE ⏎ as your managed Kubernetes platform: ⏎ GKE benefitsPlatform managementFully-managed nodes in GKEAutopilot modewith built-in hardening and best practice configurations automatically ⏎           applied.Managed upgrade experience withrelease channelsto improve security, reliability, and compliance.Flexiblemaintenance windows and exclusionsthat let you configure upgrade type and scope ⏎           to meet business needs and architecture constraints.In GKE Standard mode, flexiblenode upgrade strategiesto optimize availability and manage disruptions.Automatic scaling of nodes based on the number of Pods in the ⏎           cluster with Autopilot mode or with node auto-provisioning ⏎           in Standard mode.Node auto-repairto maintain node health and availability.Fleet-based team management.Connect gateway.Manage GKE cluster configuration withConfig Sync.Built-inlogging and monitoring.Google Cloud integrated CI/CD options withCloud BuildandCloud Deploy.Improved security postureHardened node operating system for apps:Container-Optimized OS.Built-in security measures.Policy Controller.Automatic upgradesto new GKE versions.Integrated security posture monitoring tooling with thesecurity posture dashboard.Google Cloud logging and monitoring integrations withGoogle Cloud Observability.Cost optimizationIn Autopilot mode, pay only for the compute resources ⏎           your running Pods request.In GKE Standard mode, you pay for all ⏎           resources on nodes, regardless of Pod requests.Save costs by running fault-tolerant workloads, such as batch jobs, onSpot Pods.Minimized operational overhead in Autopilot mode because ⏎           Google Cloud manages both the ⏎           nodes and the control plane.Reliability and availability>99%monthly ⏎           uptime SLO.Pod-level SLA in Autopilot clusters because Google manages ⏎           the nodes.Highly-available control plane and worker nodes inAutopilot modeand inregional Standard clusters.Proactive monitoring and recommendationsto mitigate potential workload disruptions caused by upcoming ⏎           deprecations.Multi-cluster Service capabilities. ⏎ Best practice:Configure the application CI/CD pipeline to use Cloud Build, ⏎ Cloud Deploy, and Artifact Registry. ⏎ By using  managed build and deployment services, ⏎ you can optimize for security, scale, and simplicity.;;
26;unsupported;lexico | gemma4-e4b;q002;What are the pricing tiers for AWS EC2?;Calculating the Tier: You determine the pricing tier by.;unsupported;0.4968;genuine;f11dbe43-08c1-4f94-96de-7da11f4dae39;"aws/EC2 :: How you are billed<a name="concepts-reserved-instances-application"></a> > Reserved Instance discount pricing tiers<a name="reserved-instances-discounts"></a> > Calculate Reserved Instance pricing discounts<a name="pricing-discounts"></a>";"-discounts) ⏎ + [Buy with a discount tier](#buying-discount-tier) ⏎ + [Crossing pricing tiers](#crossing-pricing-tiers) ⏎ + [Consolidated billing for pricing tiers](#consolidating-billing) [AWS > EC2 > How you are billed<a name="concepts-reserved-instances-application"></a> > Reserved Instance discount pricing tiers<a name="reserved-instances-discounts"></a> > Calculate Reserved Instance pricing discounts<a name="pricing-discounts"></a>] You can determine the pricing tier for your account by calculating the list value for all of your Reserved Instances in a Region\. Multiply the hourly recurring price for each reservation by the total number of hours for the term and add the undiscounted upfront price \(also known as the fixed price\) at the time of purchase\. Because the list value is based on undiscounted \(public\) pricing, it is not affected if you qualify for a volume discount or if the price drops after you buy your Reserved Instances\. ⏎  ⏎  ⏎ [CODE_BLOCK_0] ⏎  ⏎  ⏎ For example, for a 1\-year Partial Upfront `t2.small` Reserved Instance, assume the upfront price is $60\.00 and the hourly rate is $0\.007\. This provides a list value of $121\.32\. ⏎  ⏎  ⏎ [CODE_BLOCK_1] ⏎  ⏎  ⏎ ------";;
27;unsupported;lexico | gemma4-e4b;q065;How to set up AWS RDS for a production workload?;Configuration Customization (Critical Warning) ⏎ The most important step is to customize the instance settings, as the default tutorial configurations are not suitable for production.;unsupported;0.0864;genuine;b0b431f3-498f-4c0d-9610-b347cba787d4;"aws/EC2 :: Task 1: Create an RDS database – *optional*<a name="option1-task1-create-rds-database"></a> > Steps to create an RDS database<a name="option1-task1-create-rds-database-steps"></a>";" that you can use, you can skip this task\. ⏎  ⏎ **Important**   ⏎ If you use an existing RDS database, make sure that it is in the same VPC as your EC2 instance so that you can use the automatic connection feature\. [AWS > EC2 > Task 1: Create an RDS database – *optional*<a name="option1-task1-create-rds-database"></a> > Steps to create an RDS database<a name="option1-task1-create-rds-database-steps"></a>] Use the following steps to create an RDS database\. ⏎  ⏎ To view an animation of these steps, see [View an animation: Create an RDS database](#task1-create-rds-database-animation)\. ⏎  ⏎ **RDS database configuration** ⏎  ⏎ The steps in this task configure the RDS database as follows: ⏎ + Engine type: MySQL ⏎ + Template: Free tier ⏎ + DB instance identifier: **tutorial\-database\-1** ⏎ + DB instance class: `db.t3.micro` ⏎  ⏎ **Important**   ⏎ In a production environment, you should configure your database to meet your specific needs\. ⏎  ⏎ **To create a MySQL RDS database** ⏎  ⏎ 1. Open the Amazon RDS console at [https://console\.aws\.amazon\.com/rds/](https://console.aws.amazon.com/rds/)\. ⏎  ⏎ 1. From the Region selector \(at top right\), choose an AWS Region\. The database and the EC2 instance must be in the same Region in order to use the automatic connection feature in the EC2 console\. ⏎  ⏎ 1. On the dashboard, choose **Create database**\. ⏎  ⏎ 1. Under **Choose a database creation method**, check that **Standard create** is selected\. If you choose **Easy create**, the VPC selector is not available\. You must ensure that your database is in the same VPC as your EC2 instance in order to use the automatic connection feature in the EC2 console\. ⏎  ⏎ 1. Under **Engine options**, for **Engine type**, choose **MySQL**\. ⏎  ⏎ 1. Under **Templates**, choose a sample template to meet your needs\. For this tutorial, choose **Free tier** to create a database at no cost\. However, note that the free tier is only available if your account is less than 12 months old\. Other restrictions apply\. You can read more by choosing the **Info** link in the **Free tier** box\. ⏎  ⏎ 1. Under **Settings**, do the following: ⏎  ⏎    1. For **DB instance identifier**, enter a name for the database\. For this tutorial, enter **tutorial\-database\-1**\. ⏎  ⏎    1. For **Master username**, leave the default name, which is **admin**\. ⏎  ⏎    1. For **Master password**, enter a password that you can remember for this tutorial, and then, for **Confirm password**, enter the password again\. ⏎  ⏎ 1. Under **Instance configuration**, for **DB instance class**, leave the default, which is **db\.t3";;
28;unsupported;lexico | gemma4-e4b;q092;How to implement backup and disaster recovery for Azure Virtual Machines?;Azure Backup [Source: azure/.;unsupported;0.2993;genuine;79978ccd-f82c-48c2-a861-66bd88a28ba2;azure/Virtual Machines :: Introduction to Azure managed disks > Backup and disaster recovery options; use to ensure their performance automatically shifts to meet the changing demands of your workload, others require manual adjustment, and other disk types can't do either. ⏎ To learn about the options each disk type has, seeOverview of options to improve Azure managed disk performance [AZURE > Virtual Machines > Introduction to Azure managed disks > Backup and disaster recovery options] Managed disks support several backup and disaster recovery options. These options include built-in redundancy options (locally redundant storage, and zone-redundant storage), Azure Backup, managed disk snapshots, restore points, and Azure Site Recovery. The ideal configuration of backup and disaster recovery options for your needs can vary. To decide which works best for your needs, seeBackup and disaster recovery for Azure managed disks.;;
29;unsupported;lexico | gemma4-e4b;q044;What are the service limits for Azure AKS?;Managed Cluster Quota Limits (Maximum Cluster Count) ⏎  ⏎ AKS quota represents a limit on the maximum number of managed clusters that an Azure subscription can create per region .;unsupported;0.4444;genuine;d2c26024-6c2a-4d2c-884b-0d070960a9a2;azure/AKS :: Quotas, virtual machine size restrictions, and region availability in Azure Kubernetes Service (AKS) > Service quotas and limits > Quota limits on AKS Managed Clusters > AKS Managed Clusters Quota Limits;, follow the instructions here: https://learn.microsoft.com/azure/quotas/quickstart-increase-quota-portal. ⏎ To remedy this, customers canrequest additional quota in the Azure portal Quotas pageor via theQuotas REST API. [AZURE > AKS > Quotas, virtual machine size restrictions, and region availability in Azure Kubernetes Service (AKS) > Service quotas and limits > Quota limits on AKS Managed Clusters > AKS Managed Clusters Quota Limits] Subscription TypeDefault number of AKS clusters per subscription per region for new subscriptions1Maximum number of AKS clusters per subscription per region via self service usingAzure portal Quotas page2Enterprise Agreement subscriptions1001,000CSP, Pay-as-you-go, Sponsored, MSDN, MPN, Azure Pass, Azure In Open, and Azure Pass subscriptions10100Free Trial and Azure for Students subscriptions33 ⏎ 1The default number of AKS clusters per subscription per region for new subscriptions may vary in regions with capacity constraints.2To request an increase of the quota limit,use the Azure portal Quotas request process. Quota increase requests above the maximum self service amount will require a support ticket. Free Trial and Azure for Students subscriptions aren't eligible for limit or quota increases. If you have a Free Trial or Azure for Students subscription, you can upgrade to a pay-as-you-go subscription to get higher quota limits.;;
30;unsupported;lexico | gemma4-e4b;q026;What are the limits and quotas for AWS CloudWatch?;General Information: For more details on configuring alarms and monitoring quotas, you can refer to the *Service Quotas User Guide* section on [Service Quotas and Amazon CloudWatch alarms](https://docs.aws.amazon.com/servicequotas/latest/userguide/configure-cloudwatch.html)..;unsupported;0.2209;genuine;2426a8c8-6ea5-437c-af0e-e867067f0335;"aws/EC2 :: Spot Instance quotas<a name="using-spot-limits"></a> > Monitor Spot Instance quotas and usage<a name="monitoring-spot-limits"></a>";" Spot Instances \(16 x 16 vCPUs\)\.  ⏎  ⏎ **Topics** ⏎ + [Monitor Spot Instance quotas and usage](#monitoring-spot-limits) ⏎ + [Request a quota increase](#spot-vcpu-limits-request-increase) [AWS > EC2 > Spot Instance quotas<a name="using-spot-limits"></a> > Monitor Spot Instance quotas and usage<a name="monitoring-spot-limits"></a>] You can view and manage your Spot Instance quotas using the following: ⏎ + The Amazon EC2 [Services quotas page](https://console.aws.amazon.com/servicequotas/#!/services/ec2/quotas) in the Service Quotas console ⏎ + The [get\-service\-quota](https://docs.aws.amazon.com/cli/latest/reference/service-quotas/get-service-quota.html) AWS CLI ⏎  ⏎ For more information, see [Amazon EC2 service quotas](ec2-resource-limits.md) in the *Amazon EC2 User Guide for Linux Instances* and [Viewing service quotas](https://docs.aws.amazon.com/servicequotas/latest/userguide/gs-request-quota.html) in the *Service Quotas User Guide*\. ⏎  ⏎ With Amazon CloudWatch metrics integration, you can monitor EC2 usage against your quotas\. You can also configure alarms to warn about approaching quotas\. For more information, see [Service Quotas and Amazon CloudWatch alarms](https://docs.aws.amazon.com/servicequotas/latest/userguide/configure-cloudwatch.html) in the *Service Quotas User Guide*\.";;
31;unsupported;hibrido | mistral-7b-instruct;q065;How to set up AWS RDS for a production workload?;Configure additional settings such as storage, backup options, maintenance windows, etc., according to your specific needs..;unsupported;0.586;genuine;b0b431f3-498f-4c0d-9610-b347cba787d4;"aws/EC2 :: Task 1: Create an RDS database – *optional*<a name="option1-task1-create-rds-database"></a> > Steps to create an RDS database<a name="option1-task1-create-rds-database-steps"></a>";" that you can use, you can skip this task\. ⏎  ⏎ **Important**   ⏎ If you use an existing RDS database, make sure that it is in the same VPC as your EC2 instance so that you can use the automatic connection feature\. [AWS > EC2 > Task 1: Create an RDS database – *optional*<a name="option1-task1-create-rds-database"></a> > Steps to create an RDS database<a name="option1-task1-create-rds-database-steps"></a>] Use the following steps to create an RDS database\. ⏎  ⏎ To view an animation of these steps, see [View an animation: Create an RDS database](#task1-create-rds-database-animation)\. ⏎  ⏎ **RDS database configuration** ⏎  ⏎ The steps in this task configure the RDS database as follows: ⏎ + Engine type: MySQL ⏎ + Template: Free tier ⏎ + DB instance identifier: **tutorial\-database\-1** ⏎ + DB instance class: `db.t3.micro` ⏎  ⏎ **Important**   ⏎ In a production environment, you should configure your database to meet your specific needs\. ⏎  ⏎ **To create a MySQL RDS database** ⏎  ⏎ 1. Open the Amazon RDS console at [https://console\.aws\.amazon\.com/rds/](https://console.aws.amazon.com/rds/)\. ⏎  ⏎ 1. From the Region selector \(at top right\), choose an AWS Region\. The database and the EC2 instance must be in the same Region in order to use the automatic connection feature in the EC2 console\. ⏎  ⏎ 1. On the dashboard, choose **Create database**\. ⏎  ⏎ 1. Under **Choose a database creation method**, check that **Standard create** is selected\. If you choose **Easy create**, the VPC selector is not available\. You must ensure that your database is in the same VPC as your EC2 instance in order to use the automatic connection feature in the EC2 console\. ⏎  ⏎ 1. Under **Engine options**, for **Engine type**, choose **MySQL**\. ⏎  ⏎ 1. Under **Templates**, choose a sample template to meet your needs\. For this tutorial, choose **Free tier** to create a database at no cost\. However, note that the free tier is only available if your account is less than 12 months old\. Other restrictions apply\. You can read more by choosing the **Info** link in the **Free tier** box\. ⏎  ⏎ 1. Under **Settings**, do the following: ⏎  ⏎    1. For **DB instance identifier**, enter a name for the database\. For this tutorial, enter **tutorial\-database\-1**\. ⏎  ⏎    1. For **Master username**, leave the default name, which is **admin**\. ⏎  ⏎    1. For **Master password**, enter a password that you can remember for this tutorial, and then, for **Confirm password**, enter the password again\. ⏎  ⏎ 1. Under **Instance configuration**, for **DB instance class**, leave the default, which is **db\.t3";;
32;unsupported;denso | mistral-7b-instruct;q128;When should you use AWS VPC instead of AWS RDS?;On the other hand, Amazon RDS (Relational Database Service) is a managed database service that makes it easier to set up, operate, and scale a relational database in the cloud [AWS > Services > Amazon RDS].;unsupported;0.5594;genuine;b0b431f3-498f-4c0d-9610-b347cba787d4;"aws/EC2 :: Task 1: Create an RDS database – *optional*<a name="option1-task1-create-rds-database"></a> > Steps to create an RDS database<a name="option1-task1-create-rds-database-steps"></a>";" that you can use, you can skip this task\. ⏎  ⏎ **Important**   ⏎ If you use an existing RDS database, make sure that it is in the same VPC as your EC2 instance so that you can use the automatic connection feature\. [AWS > EC2 > Task 1: Create an RDS database – *optional*<a name="option1-task1-create-rds-database"></a> > Steps to create an RDS database<a name="option1-task1-create-rds-database-steps"></a>] Use the following steps to create an RDS database\. ⏎  ⏎ To view an animation of these steps, see [View an animation: Create an RDS database](#task1-create-rds-database-animation)\. ⏎  ⏎ **RDS database configuration** ⏎  ⏎ The steps in this task configure the RDS database as follows: ⏎ + Engine type: MySQL ⏎ + Template: Free tier ⏎ + DB instance identifier: **tutorial\-database\-1** ⏎ + DB instance class: `db.t3.micro` ⏎  ⏎ **Important**   ⏎ In a production environment, you should configure your database to meet your specific needs\. ⏎  ⏎ **To create a MySQL RDS database** ⏎  ⏎ 1. Open the Amazon RDS console at [https://console\.aws\.amazon\.com/rds/](https://console.aws.amazon.com/rds/)\. ⏎  ⏎ 1. From the Region selector \(at top right\), choose an AWS Region\. The database and the EC2 instance must be in the same Region in order to use the automatic connection feature in the EC2 console\. ⏎  ⏎ 1. On the dashboard, choose **Create database**\. ⏎  ⏎ 1. Under **Choose a database creation method**, check that **Standard create** is selected\. If you choose **Easy create**, the VPC selector is not available\. You must ensure that your database is in the same VPC as your EC2 instance in order to use the automatic connection feature in the EC2 console\. ⏎  ⏎ 1. Under **Engine options**, for **Engine type**, choose **MySQL**\. ⏎  ⏎ 1. Under **Templates**, choose a sample template to meet your needs\. For this tutorial, choose **Free tier** to create a database at no cost\. However, note that the free tier is only available if your account is less than 12 months old\. Other restrictions apply\. You can read more by choosing the **Info** link in the **Free tier** box\. ⏎  ⏎ 1. Under **Settings**, do the following: ⏎  ⏎    1. For **DB instance identifier**, enter a name for the database\. For this tutorial, enter **tutorial\-database\-1**\. ⏎  ⏎    1. For **Master username**, leave the default name, which is **admin**\. ⏎  ⏎    1. For **Master password**, enter a password that you can remember for this tutorial, and then, for **Confirm password**, enter the password again\. ⏎  ⏎ 1. Under **Instance configuration**, for **DB instance class**, leave the default, which is **db\.t3";;
33;unsupported;lexico | mistral-7b-instruct;q135;Compare AWS VPC and AWS IAM in terms of use cases and features;This includes setting up a network topology, configuring route tables, network gateways, and security groups for your resources..;unsupported;0.001;genuine;b6f76d3a-0a62-489a-bcb1-ac144567192e;aws/Lambda :: AWS Lambda Developer Guide;[AWS > Lambda > AWS Lambda Developer Guide] This repository contains additional resources for the AWS Lambda developer guide. ⏎  ⏎ - [iam-policies](./iam-policies) - Sample permissions policies for cross-service use cases. ⏎ - [sample-apps](./sample-apps) - Sample applications that demonstrate features and use cases for the AWS Lambda service and managed runtimes. ⏎ - [templates](./templates) - AWS CloudFormation templates for creating functions and VPC network resources.;;
34;unsupported;denso | mistral-7b-instruct;q079;How to deploy a containerized application on AWS EC2?;Install Docker Engine and the Docker CLI on your EC2 instance.;unsupported;0.0866;genuine;7abc92a3-d2d5-4a04-a171-9a78c53b2f63;"aws/ECS :: Amazon ECS developer tools overview<a name="ecs-developer-tools"></a> > Amazon ECS CLI<a name="developer-tools-ecscli"></a>";" see [Getting started with AWS App2Container](https://docs.aws.amazon.com/app2container/latest/UserGuide/start-intro.html)\. ⏎  ⏎ Use App2Container if you have applications that are hosted on premises or on Amazon EC2 instances or both\. [AWS > ECS > Amazon ECS developer tools overview<a name="ecs-developer-tools"></a> > Amazon ECS CLI<a name="developer-tools-ecscli"></a>] The Amazon ECS CLI allows you to run your applications on Amazon ECS and AWS Fargate using the Docker Compose file format\. You can quickly provision resources, push and pull images using [Amazon ECR](https://docs.aws.amazon.com/ecr), and monitor running applications on Amazon ECS or AWS Fargate\. You can also test containers running locally along with containers in the cloud within the CLI\. ⏎  ⏎ For more information, see [Using the Amazon ECS command line interface](ECS_CLI.md)\. ⏎  ⏎ Use the ECS CLI if you have a Compose application and want to deploy it to Amazon ECS, or test local containers with containers running in Amazon ECS in the cloud\.";;
35;unsupported;hibrido | mistral-7b-instruct;q035;What are the service limits for Azure Functions?;For a comprehensive list of service limits for Azure Functions, refer to the [Functions service limits](functions-scale.md#service-limits) documentation.;unsupported;0.5023;genuine;0a848066-8d2d-435f-89c6-e5232f21d96f;"azure/Virtual Network :: Azure Virtual Network frequently asked questions (FAQ) > Migration of classic network resources to Resource Manager > What is Azure Service Manager, and what does the term "classic" mean?";"nets that you use for securing the resource. The following table shows some example limits: ⏎  ⏎  ⏎ [TABLE_0] ⏎  ⏎ >[!NOTE] ⏎ > The limits are subject to change at the discretion of the Azure services. Refer to the respective service documentation for details. [AZURE > Virtual Network > Azure Virtual Network frequently asked questions (FAQ) > Migration of classic network resources to Resource Manager > What is Azure Service Manager, and what does the term "classic" mean?] Azure Service Manager is the old deployment model of Azure that was responsible for creating, managing, and deleting resources. The word *classic* in a networking service refers to resources managed by the Azure Service Manager model. For more information, see the [comparison of deployment models](../azure-resource-manager/management/deployment-models.md).";;
36;unsupported;lexico | qwen3.5-9b;q011;What is AWS VPC and what are its main features?;A default subnet for each Availability Zone.;unsupported;0.2736;genuine;37c05779-f8d7-4e24-8ed7-093f6213c6d9;"aws/EC2 :: Dedicated Instances<a name="dedicated-instance"></a> > Supported features<a name="features"></a>";" and manually specify a tenancy of `dedicated` for the instances to run as Dedicated Instances\. For more information, see [Launch Dedicated Instances into a VPC](dedicated-usage-overview.md#dedicatedinstancesintovpc)\. [AWS > EC2 > Dedicated Instances<a name="dedicated-instance"></a> > Supported features<a name="features"></a>] Dedicated Instances support the following features and AWS service integrations: ⏎  ⏎ **Topics** ⏎ + [Reserved Instances](#dedicatedreservedinstances) ⏎ + [Automatic scaling](#dedicated-instance-autoscaling) ⏎ + [Automatic recovery](#dedicated-instance-recovery) ⏎ + [Dedicated Spot Instances](#dedicated-instance-spot) ⏎ + [Burstable performance instances](#dedicated-instance-burstable)";;
37;unsupported;lexico | qwen3.5-9b;q026;What are the limits and quotas for AWS CloudWatch?;CloudWatch Service Quotas: The context states that calls to [CODE] count toward CloudWatch service quotas associated with your account .;unsupported;0.5298;genuine;2426a8c8-6ea5-437c-af0e-e867067f0335;"aws/EC2 :: Spot Instance quotas<a name="using-spot-limits"></a> > Monitor Spot Instance quotas and usage<a name="monitoring-spot-limits"></a>";" Spot Instances \(16 x 16 vCPUs\)\.  ⏎  ⏎ **Topics** ⏎ + [Monitor Spot Instance quotas and usage](#monitoring-spot-limits) ⏎ + [Request a quota increase](#spot-vcpu-limits-request-increase) [AWS > EC2 > Spot Instance quotas<a name="using-spot-limits"></a> > Monitor Spot Instance quotas and usage<a name="monitoring-spot-limits"></a>] You can view and manage your Spot Instance quotas using the following: ⏎ + The Amazon EC2 [Services quotas page](https://console.aws.amazon.com/servicequotas/#!/services/ec2/quotas) in the Service Quotas console ⏎ + The [get\-service\-quota](https://docs.aws.amazon.com/cli/latest/reference/service-quotas/get-service-quota.html) AWS CLI ⏎  ⏎ For more information, see [Amazon EC2 service quotas](ec2-resource-limits.md) in the *Amazon EC2 User Guide for Linux Instances* and [Viewing service quotas](https://docs.aws.amazon.com/servicequotas/latest/userguide/gs-request-quota.html) in the *Service Quotas User Guide*\. ⏎  ⏎ With Amazon CloudWatch metrics integration, you can monitor EC2 usage against your quotas\. You can also configure alarms to warn about approaching quotas\. For more information, see [Service Quotas and Amazon CloudWatch alarms](https://docs.aws.amazon.com/servicequotas/latest/userguide/configure-cloudwatch.html) in the *Service Quotas User Guide*\.";;
38;unsupported;hibrido | qwen3.5-9b;q137;What are the trade-offs between AWS Lambda and AWS EC2 for production workloads?;AWS EC2 (burstable performance instances, CPU options, instance types).;unsupported;0.7681;genuine;1c320f56-b230-4e1a-9307-6da4fd384ad7;"aws/EC2 :: Optimize CPU options<a name="instance-optimize-cpu"></a>";"[AWS > EC2 > Optimize CPU options<a name="instance-optimize-cpu"></a>] Amazon EC2 instances support multithreading, which enables multiple threads to run concurrently on a single CPU core\. Each thread is represented as a virtual CPU \(vCPU\) on the instance\. An instance has a default number of CPU cores, which varies according to instance type\. For example, an `m5.xlarge` instance type has two CPU cores and two threads per core by default—four vCPUs in total\. ⏎  ⏎ **Note**   ⏎ Each vCPU is a thread of a CPU core, except for T2 instances and instances powered by AWS Graviton2 processors\. ⏎  ⏎ In most cases, there is an Amazon EC2 instance type that has a combination of memory and number of vCPUs to suit your workloads\. However, you can specify the following CPU options to optimize your instance for specific workloads or business needs: ⏎ + **Number of CPU cores**: You can customize the number of CPU cores for the instance\. You might do this to potentially optimize the licensing costs of your software with an instance that has sufficient amounts of RAM for memory\-intensive workloads but fewer CPU cores\. ⏎ + **Threads per core**: You can disable multithreading by specifying a single thread per CPU core\. You might do this for certain workloads, such as high performance computing \(HPC\) workloads\. ⏎  ⏎ You can specify these CPU options during instance launch\. There is no additional or reduced charge for specifying CPU options\. You're charged the same as instances that are launched with default CPU options\. ⏎  ⏎ **Topics** ⏎ + [Rules for specifying CPU options](instance-cpu-options-rules.md) ⏎ + [CPU cores and threads per CPU core per instance type](cpu-options-supported-instances-values.md) ⏎ + [Specify CPU options for your instance](instance-specify-cpu-options.md) ⏎ + [View the CPU options for your instance](view-cpu-options.md)";;
39;unsupported;denso | qwen3.5-9b;q054;What are the quotas for Google Cloud Compute Engine?;If your project lacks preemptible quota, standard quota is consumed.;unsupported;0.6176;genuine;88ce17f4-cf2d-4ba0-8ed9-8682d16f1287;gcp/GKE :: Run GPUs in GKE Standard node poolsStay organized with collectionsSave and categorize content based on your preferences. > Ensure sufficient GPU quota > Requesting GPU quota; quota at least equivalent to the number of GPUs per node multiplied by your cluster's maximum number of ⏎ nodes. ⏎ For example, if you create a cluster with three nodes that runs two GPUs ⏎ per node, your project requires at least six GPU quota. [GCP > GKE > Run GPUs in GKE Standard node poolsStay organized with collectionsSave and categorize content based on your preferences. > Ensure sufficient GPU quota > Requesting GPU quota] To request GPU quota, use the Google Cloud console. For more information about ⏎ requesting quotas, refer toGPU quotasin the ⏎ Compute Engine documentation. ⏎ To search for GPU quota and submit a quota request, use the Google Cloud console: ⏎ Go to the IAM & AdminQuotaspage in the Google Cloud console.Go to QuotasIn theFilterbox, do the following:Select theQuotaproperty, enter the name of theGPU model, and pressEnter.(Optional) To apply more advanced filters to narrow the results, select ⏎ theDimensions (for example, locations)property, add the name of theregion or zone you are using, and ⏎ pressEnter.From the list of GPU quotas, select the quota you want to change.ClickEdit Quotas. A request form opens.Fill theNew quota limitfield for each quota request.Fill theRequest descriptionfield with details about your request.ClickNext.In theOverride confirmationdialog, clickConfirm.In theContact detailsscreen, enter your name and a phone number that the approvers might use to complete your quota change request.ClickSubmit request.You receive a confirmation email to track the quota change.;;
40;unsupported;denso | qwen3.5-9b;q071;How to monitor AWS DynamoDB with CloudWatch?;DynamoDB monitoring configurations or code examples.;unsupported;0.6995;genuine;cb50e139-7839-491d-8807-9161936967ec;"aws/ECS :: Monitoring tools<a name="monitoring-automated-manual"></a> > Automated monitoring tools<a name="monitoring-automated_tools"></a>";"AWS provides various tools that you can use to monitor Amazon ECS\. You can configure some of these tools to do the monitoring for you, while some of the tools require manual intervention\. We recommend that you automate monitoring tasks as much as possible\. [AWS > ECS > Monitoring tools<a name="monitoring-automated-manual"></a> > Automated monitoring tools<a name="monitoring-automated_tools"></a>] You can use the following automated monitoring tools to watch Amazon ECS and report when something is wrong: ⏎ + Amazon CloudWatch alarms – Watch a single metric over a time period that you specify, and perform one or more actions based on the value of the metric relative to a given threshold over a number of time periods\. The action is a notification sent to an Amazon Simple Notification Service \(Amazon SNS\) topic or Amazon EC2 Auto Scaling policy\. CloudWatch alarms do not invoke actions simply because they are in a particular state; the state must have changed and been maintained for a specified number of periods\. For more information, see [Amazon ECS CloudWatch metrics](cloudwatch-metrics.md)\. ⏎  ⏎   For clusters with tasks or services using the EC2 launch type, you can use CloudWatch alarms to scale in and scale out the container instances based on CloudWatch metrics, such as cluster memory reservation\.  ⏎ + Amazon CloudWatch Logs – Monitor, store, and access the log files from the containers in your Amazon ECS tasks by specifying the `awslogs` log driver in your task definitions\. For more information, see [Using the awslogs log driver](using_awslogs.md)\. ⏎  ⏎   You can also monitor, store, and access the operating system and Amazon ECS container agent log files from your Amazon ECS container instances\. This method for accessing logs can be used for containers using the EC2 launch type\. For more information, see [Monitoring your container instances](using_cloudwatch_logs.md)\.  ⏎ + Amazon CloudWatch Events – Match events and route them to one or more target functions or streams to make changes, capture state information, and take corrective action\. For more information, see [Amazon ECS events and EventBridge](cloudwatch_event_stream.md) in this guide and [What Is Amazon CloudWatch Events?](https://docs.aws.amazon.com/AmazonCloudWatch/latest/events/WhatIsCloudWatchEvents.html) in the *Amazon CloudWatch Events User Guide*\. ⏎ + AWS CloudTrail log monitoring – Share log files between accounts, monitor CloudTrail log files in real time by sending them to CloudWatch Logs, write log processing applications in Java, and validate that your log files have not changed after delivery by CloudTrail\. For more information, see [Logging Amazon ECS API calls with AWS CloudTrail](logging-using-cloudtrail.md) in this guide, and [Working with CloudTrail Log Files](https://docs.aws.amazon.com/awscloudtrail/latest/userguide/cloudtrail-working-with-log-files.html";;
41;supported;denso | granite4.1-8b;q031;What regions support Azure Entra ID?;The supported Azure clouds for Azure Entra ID are:.;supported;0.9618;genuine;37d17004-c1da-4b9e-8fc5-12b36eb2aecf;azure/Entra ID :: Sign in to Windows virtual machine in Azure or Arc-enabled Windows Server, using Microsoft Entra ID and Azure Roles Based Access Control > Requirements > Network requirements;Azure GlobalAzure GovernmentMicrosoft Azure operated by 21Vianet ⏎ NoteCIS hardened images support Microsoft Entra ID authentication for Microsoft Windows Enterprise and Microsoft Windows Server offerings. For more information, see:CIS Hardened Images on Microsoft Windows Enterprise. [AZURE > Entra ID > Sign in to Windows virtual machine in Azure or Arc-enabled Windows Server, using Microsoft Entra ID and Azure Roles Based Access Control > Requirements > Network requirements] To enable Microsoft Entra authentication to virtual machines in Azure or Arc-enabled Windows Servers, you need to ensure that your network configuration permits outbound access to the following endpoints over TCP port 443. ⏎ Azure Global: ⏎ https://enterpriseregistration.windows.net: Device registration. ⏎ http://169.254.169.254: Azure Instance Metadata Service endpoint. ⏎ http://localhost:40342: Arc Instance Metadata Service endpoint. ⏎ https://login.microsoftonline.com: Authentication flows.https://pas.windows.net: Azure role-based access control flows. ⏎ Azure Government: ⏎ https://enterpriseregistration.microsoftonline.us: Device registration. ⏎ http://169.254.169.254: Azure Instance Metadata Service endpoint. ⏎ http://localhost:40342: Arc Instance Metadata Service endpoint. ⏎ https://login.microsoftonline.us: Authentication flows.https://pasff.usgovcloudapi.net: Azure role-based access control flows. ⏎ Microsoft Azure operated by 21Vianet: ⏎ https://enterpriseregistration.partner.microsoftonline.cn: Device registration. ⏎ http://169.254.169.254: Azure Instance Metadata Service endpoint. ⏎ http://localhost:40342: Arc Instance Metadata Service endpoint. ⏎ https://login.chinacloudapi.cn: Authentication flows.https://pas.chinacloudapi.cn: Azure role-based access control flows. ⏎ For Azure Arc-enabled Windows Servers, more network requirements are provided in theArc-connected server documentation.;;
42;supported;lexico | granite4.1-8b;q108;How to set up logging and monitoring for Google Cloud Cloud Build?;Access the build logs via the URL provided in the terminal output or through the Google Cloud Console's Logs Explorer..;supported;0.8795;genuine;7a6d5760-f6cb-4db2-be46-96e0abfb5850;gcp/Cloud Functions :: Build process overview > View your build image logs;. ⏎ Cloud Storage does provide a free tier: review the pricing ⏎ document for further details.For Artifact Registry pricing, see thePricingpage.Because the build process is subject to billing, your project must ⏎ have aCloud Billing Accountattached to it. [GCP > Cloud Functions > Build process overview > View your build image logs] A key benefit of having the build image process in your user project is access ⏎ to build logs. You can use gcloud CLI or the Google Cloud console ⏎ to reach the logs, which are available throughCloud Logging. ⏎ gcloudDeploy your function using thegcloud functions deploycommand.The URL of the logs is shown as part of the response in your terminal ⏎ window. For example:Deployingfunction(maytakeawhile-upto2minutes)...⠹ ⏎ **ForCloudBuildStackdriverLogs**,visit: ⏎ https://console.cloud.google.com/logs/viewer?project=&advancedFilter=resource.type% ⏎ 3Dbuild%0Aresource.labels.build_id%3D38d5b662-2315-45dd-8aa2- ⏎ 380d50d4f5e8%0AlogName%3Dprojects%2F% ⏎ 2Flogs%2Fcloudbuild ⏎ Deployingfunction(maytakeawhile-upto2minutes)...done.Google Cloud consoleTo view function logs in the Cloud Run page:Go to Cloud RunClick the chosen function in the displayed list.Click theLOGStab to get the request and container logs for all ⏎ revisions of this function. You can filter by log severity level.;;
43;supported;lexico | gemma4-e4b;q132;What are the differences between AWS Lambda and AWS EC2?;"This can be achieved using Instance Scheduler or by using AWS Lambda and an Amazon EventBridge rule  [Source: aws/EC2/Stop and start your instance<a name="Stop_Start"></a> > Stop and start your instances on a schedule<a name=".";supported;0.9625;genuine;ba63ec42-6d16-4c11-82d9-7d7410e48033;"aws/EC2 :: Create Amazon EventBridge rules to monitor EC2 Fleet events<a name="ec2-fleet-using-eventbridge"></a> > Create an EventBridge rule to trigger a Lambda function<a name="eventbridge-trigger-lambda"></a>";"docs.aws.amazon.com/eventbridge/latest/userguide/eb-rules.html) and [Amazon EventBridge event patterns](https://docs.aws.amazon.com/eventbridge/latest/userguide/eb-event-patterns.html) in the *Amazon EventBridge User Guide* [AWS > EC2 > Create Amazon EventBridge rules to monitor EC2 Fleet events<a name="ec2-fleet-using-eventbridge"></a> > Create an EventBridge rule to trigger a Lambda function<a name="eventbridge-trigger-lambda"></a>] The following example creates an EventBridge rule to trigger a Lambda function every time that Amazon EC2 emits an EC2 Fleet instance change notification for when an instance is launched\. The signal in this example is emitted as an `EC2 Fleet Instance Change` event, sub\-type `launched`, which triggers the action defined by the rule\. ⏎  ⏎ Before creating the EventBridge rule, you must create the Lambda function\. ⏎  ⏎ **To create the Lambda function to use in the EventBridge rule** ⏎  ⏎ 1. Open the AWS Lambda console at [https://console\.aws\.amazon\.com/lambda/](https://console.aws.amazon.com/lambda/)\. ⏎  ⏎ 1. Choose **Create function**\. ⏎  ⏎ 1. Enter a name for your function, configure the code, and then choose **Create function**\. ⏎  ⏎    For more information about using Lambda, see [Create a Lambda function with the console](https://docs.aws.amazon.com/lambda/latest/dg/getting-started-create-function.html) in the *AWS Lambda Developer Guide*\. ⏎  ⏎ **To create an EventBridge rule to trigger a Lambda function when an instance in an EC2 Fleet changes state** ⏎  ⏎ 1. Open the Amazon EventBridge console at [https://console\.aws\.amazon\.com/events/](https://console.aws.amazon.com/events/)\. ⏎  ⏎ 1. Choose **Create rule**\. ⏎  ⏎ 1. For **Define rule detail**, do the following: ⏎  ⏎    1. Enter a **Name** for the rule, and, optionally, a description\. ⏎  ⏎       A rule can't have the same name as another rule in the same Region and on the same event bus\. ⏎  ⏎    1. For **Event bus**, choose **default**\. When an AWS service in your account generates an event, it always goes to your account's default event bus\. ⏎  ⏎    1. For **Rule type**, choose **Rule with an event pattern**\. ⏎  ⏎    1. Choose **Next**\. ⏎  ⏎ 1. For **Build event pattern**, do the following: ⏎  ⏎    1. For **Event source**, choose **AWS events or EventBridge partner events**\. ⏎  ⏎    1. For **Event pattern**, for this example you’ll specify the following event pattern to match the `EC2 Fleet Instance Change` event and `launched` sub\-type\. ⏎  ⏎        ⏎ [CODE_BLOCK_1] ⏎  ⏎  ⏎       To add the event pattern, you can either use a template by choosing **Event pattern form**, or specify your own pattern";;
44;supported;denso | gemma4-e4b;q107;How to set up logging and monitoring for Google Cloud BigQuery?;Logs Covered: Scheduler and Controller Manager logs ..;supported;0.975;genuine;19279759-fb82-47ac-a4dd-c682e88703ad;gcp/GKE :: Compare features in Autopilot and Standard clustersStay organized with collectionsSave and categorize content based on your preferences. > Feature comparison of Autopilot and Standard clusters;Logging and monitoringPre-configured:System-level logsWorkload-level logsSystem-level monitoringGoogle Cloud Managed Service for PrometheusOptional:Control plane metricsControl plane logsDefault:System-level logsWorkload-level logsSystem-level monitoringGoogle Cloud Managed Service for PrometheusOptional:Control [GCP > GKE > Compare features in Autopilot and Standard clustersStay organized with collectionsSave and categorize content based on your preferences. > Feature comparison of Autopilot and Standard clusters]  plane metricsControl plane logsAdd-onsPre-configured:HTTP load balancingCompute Engine persistent disk CSI DriverFilestore CSI DriverCloud Storage FUSE CSI DriverNodeLocal DNSCacheImage streamingOptional:Managed Cloud Service Mesh, which ⏎         also provides Istio mesh capabilities.Default:Compute Engine persistent disk CSI DriverFilestore CSI DriverOptional:Ciliumnetwork policyCloud Storage FUSE CSI DriverNodeLocal DNSCacheHTTP load balancingCloud RunCloud TPUConfig ConnectorManaged Cloud Service MeshKalmUsage meteringImage streaming;;
45;supported;denso | mistral-7b-instruct;q166;Compare Azure App Service and Azure Blob Storage in terms of capabilities and pricing;Azure App Service Pricing: [Azure App Services Pricing](https://azure.microsoft.com/services/app-service/pricing/).;supported;0.8662;genuine;5c9fc14f-88f6-47dd-a2ba-68cb7bbb16da;azure/Blob Storage :: Scalability and performance targets for premium page blob storage accounts;[AZURE > Blob Storage > Scalability and performance targets for premium page blob storage accounts] [!INCLUDE [storage-scalability-intro-include](../../../includes/storage-scalability-intro-include.md)] ⏎  ⏎ The service-level agreement (SLA) for Azure Storage accounts is available at [SLA for Storage Accounts](https://azure.microsoft.com/support/legal/sla/storage/v1_5/).;;
46;supported;lexico | mistral-7b-instruct;q076;How to configure auto-scaling in AWS EC2?;The IAM policy associated with the IAM user or role using the scripts needs to have permissions to call the EC2 action [https://docs.aws.amazon.com/AWSEC2/latest/APIReference/ApiReference-query-DescribeTags.html](https://docs.aws.amazon.com/AWSEC2/latest/APIReference/ApiReference-query-DescribeTags.html).;supported;0.9316;genuine;185a81f8-cc6a-41bb-86e1-e1b9672d117a;"aws/EC2 :: Configure instance metadata options for new instances<a name="configuring-IMDS-new-instances"></a> > Turn off access to instance metadata<a name="configure-IMDS-new-instances--turn-off-instance-metadata"></a> > [ AWS CLI ]";"Configure Instance Details** page: ⏎   + Under **Advanced Details**, for **Metadata accessible**, select **Disabled**\. ⏎  ⏎ For more information, see [Step 3: Configure Instance Details](launching-instance.md#configure_instance_details_step)\. ⏎  ⏎ ------ [AWS > EC2 > Configure instance metadata options for new instances<a name="configuring-IMDS-new-instances"></a> > Turn off access to instance metadata<a name="configure-IMDS-new-instances--turn-off-instance-metadata"></a> > [ AWS CLI ]] **To turn off access to instance metadata**   ⏎ Launch the instance with `--metadata-options` set to `HttpEndpoint=disabled`\. ⏎  ⏎  ⏎ [CODE_BLOCK_4] ⏎  ⏎  ⏎ ------ ⏎  ⏎ To specify the metadata options for an instance using AWS CloudFormation, see the [AWS::EC2::LaunchTemplate MetadataOptions](https://docs.aws.amazon.com/AWSCloudFormation/latest/UserGuide/aws-properties-ec2-launchtemplate-launchtemplatedata-metadataoptions.html) property in the *AWS CloudFormation User Guide*\.  ⏎  ⏎ ------";;
47;supported;denso | qwen3.5-9b;q062;How to deploy a containerized application on AWS RDS?;EC2 instances can connect TO RDS databases: Option 1: Create RDS database, launch EC2 instance, then connect EC2 to RDS.;supported;0.989;genuine;7abc92a3-d2d5-4a04-a171-9a78c53b2f63;"aws/ECS :: Amazon ECS developer tools overview<a name="ecs-developer-tools"></a> > Amazon ECS CLI<a name="developer-tools-ecscli"></a>";" see [Getting started with AWS App2Container](https://docs.aws.amazon.com/app2container/latest/UserGuide/start-intro.html)\. ⏎  ⏎ Use App2Container if you have applications that are hosted on premises or on Amazon EC2 instances or both\. [AWS > ECS > Amazon ECS developer tools overview<a name="ecs-developer-tools"></a> > Amazon ECS CLI<a name="developer-tools-ecscli"></a>] The Amazon ECS CLI allows you to run your applications on Amazon ECS and AWS Fargate using the Docker Compose file format\. You can quickly provision resources, push and pull images using [Amazon ECR](https://docs.aws.amazon.com/ecr), and monitor running applications on Amazon ECS or AWS Fargate\. You can also test containers running locally along with containers in the cloud within the CLI\. ⏎  ⏎ For more information, see [Using the Amazon ECS command line interface](ECS_CLI.md)\. ⏎  ⏎ Use the ECS CLI if you have a Compose application and want to deploy it to Amazon ECS, or test local containers with containers running in Amazon ECS in the cloud\.";;
48;supported;lexico | qwen3.5-9b;q151;What are the trade-offs between AWS RDS and AWS EC2 for production workloads?;Configuration requirements (same VPC, same Region).;supported;0.9292;genuine;b0b431f3-498f-4c0d-9610-b347cba787d4;"aws/EC2 :: Task 1: Create an RDS database – *optional*<a name="option1-task1-create-rds-database"></a> > Steps to create an RDS database<a name="option1-task1-create-rds-database-steps"></a>";" that you can use, you can skip this task\. ⏎  ⏎ **Important**   ⏎ If you use an existing RDS database, make sure that it is in the same VPC as your EC2 instance so that you can use the automatic connection feature\. [AWS > EC2 > Task 1: Create an RDS database – *optional*<a name="option1-task1-create-rds-database"></a> > Steps to create an RDS database<a name="option1-task1-create-rds-database-steps"></a>] Use the following steps to create an RDS database\. ⏎  ⏎ To view an animation of these steps, see [View an animation: Create an RDS database](#task1-create-rds-database-animation)\. ⏎  ⏎ **RDS database configuration** ⏎  ⏎ The steps in this task configure the RDS database as follows: ⏎ + Engine type: MySQL ⏎ + Template: Free tier ⏎ + DB instance identifier: **tutorial\-database\-1** ⏎ + DB instance class: `db.t3.micro` ⏎  ⏎ **Important**   ⏎ In a production environment, you should configure your database to meet your specific needs\. ⏎  ⏎ **To create a MySQL RDS database** ⏎  ⏎ 1. Open the Amazon RDS console at [https://console\.aws\.amazon\.com/rds/](https://console.aws.amazon.com/rds/)\. ⏎  ⏎ 1. From the Region selector \(at top right\), choose an AWS Region\. The database and the EC2 instance must be in the same Region in order to use the automatic connection feature in the EC2 console\. ⏎  ⏎ 1. On the dashboard, choose **Create database**\. ⏎  ⏎ 1. Under **Choose a database creation method**, check that **Standard create** is selected\. If you choose **Easy create**, the VPC selector is not available\. You must ensure that your database is in the same VPC as your EC2 instance in order to use the automatic connection feature in the EC2 console\. ⏎  ⏎ 1. Under **Engine options**, for **Engine type**, choose **MySQL**\. ⏎  ⏎ 1. Under **Templates**, choose a sample template to meet your needs\. For this tutorial, choose **Free tier** to create a database at no cost\. However, note that the free tier is only available if your account is less than 12 months old\. Other restrictions apply\. You can read more by choosing the **Info** link in the **Free tier** box\. ⏎  ⏎ 1. Under **Settings**, do the following: ⏎  ⏎    1. For **DB instance identifier**, enter a name for the database\. For this tutorial, enter **tutorial\-database\-1**\. ⏎  ⏎    1. For **Master username**, leave the default name, which is **admin**\. ⏎  ⏎    1. For **Master password**, enter a password that you can remember for this tutorial, and then, for **Confirm password**, enter the password again\. ⏎  ⏎ 1. Under **Instance configuration**, for **DB instance class**, leave the default, which is **db\.t3";;
49;supported;hibrido | gemma4-e4b;q002;What are the pricing tiers for AWS EC2?;If a purchase crosses into a discounted pricing tier, the service generates multiple Reserved Instance IDs, as there is an ID for each set of reservations in a tier .;supported;0.991;genuine;b998b95f-76d0-444d-b4ea-3e723d6a7060;"aws/EC2 :: How you are billed<a name="concepts-reserved-instances-application"></a> > Reserved Instance discount pricing tiers<a name="reserved-instances-discounts"></a> > Crossing pricing tiers<a name="crossing-pricing-tiers"></a>";" **Two discount rates**—Your purchase within a Region crosses from a lower discount tier to a higher discount tier\. You are charged two different rates: one or more reservations at the lower discounted rate, and the remaining reservations at the higher discounted rate\. [AWS > EC2 > How you are billed<a name="concepts-reserved-instances-application"></a> > Reserved Instance discount pricing tiers<a name="reserved-instances-discounts"></a> > Crossing pricing tiers<a name="crossing-pricing-tiers"></a>] If your purchase crosses into a discounted pricing tier, you see multiple entries for that purchase: one for that part of the purchase charged at the regular price, and another for that part of the purchase charged at the applicable discounted rate\. ⏎  ⏎ The Reserved Instance service generates several Reserved Instance IDs because your purchase crossed from an undiscounted tier, or from one discounted tier to another\. There is an ID for each set of reservations in a tier\. Consequently, the ID returned by your purchase CLI command or API action is different from the actual ID of the new Reserved Instances\.";;
50;supported;lexico | mistral-7b-instruct;q177;What are the differences between AWS Lambda cold starts and Azure Functions cold starts?;Cold Start Causes: In Azure Functions (), cold starts are more frequent in the Consumption plan because function apps get shut down during periods of inactivity.;supported;0.8553;genuine;c6a33739-819a-4965-93f2-5d680f5c0ad4;azure/Azure Functions :: [PowerShell](#tab/powershell) > Considerations for PowerShell functions > Cold Start > Avoid using Install-Module; starts are a reality. *Cold start* refers to period of time it takes for your function app to start running to process a request. Cold start happens more frequently in the Consumption plan because your function app gets shut down during periods of inactivity. [AZURE > Azure Functions > [PowerShell](#tab/powershell) > Considerations for PowerShell functions > Cold Start > Avoid using Install-Module] Running `Install-Module` in your function script on each invocation can cause performance issues. Instead, use `Save-Module` or `Save-PSResource` before publishing your function app to bundle the necessary modules. ⏎  ⏎ For more information, see [Dependency management](#dependency-management).;;